/home2/techprog/virtualenv/therapypoint/3.12/lib/python3.12/site-packages/django_q/conf.py:8: UserWarning: pkg_resources is deprecated as an API. See https://setuptools.pypa.io/en/latest/pkg_resources.html. The pkg_resources package is slated for removal as early as 2025-11-30. Refrain from using this package or pin to Setuptools<81.
  import pkg_resources
Not Found: /favicon.ico
Not Found: /favicon.ico
[UID:2123][2567851] Reached max children process limit: 6, extra: 2, current: 8, busy: 7, please increase LSAPI_CHILDREN.
[UID:2123][2567851] Reached max children process limit: 6, extra: 2, current: 8, busy: 8, please increase LSAPI_CHILDREN.
[UID:2123][2567851] Reached max children process limit: 6, extra: 2, current: 8, busy: 8, please increase LSAPI_CHILDREN.
[UID:2123][2567851] Reached max children process limit: 6, extra: 2, current: 8, busy: 8, please increase LSAPI_CHILDREN.
[UID:2123][2567851] Reached max children process limit: 6, extra: 2, current: 8, busy: 8, please increase LSAPI_CHILDREN.
[UID:2123][2567851] Reached max children process limit: 6, extra: 2, current: 8, busy: 8, please increase LSAPI_CHILDREN.
[UID:2123][2567851] Reached max children process limit: 6, extra: 2, current: 8, busy: 8, please increase LSAPI_CHILDREN.
[UID:2123][2567851] Reached max children process limit: 6, extra: 2, current: 8, busy: 8, please increase LSAPI_CHILDREN.
[UID:2123][2567851] Reached max children process limit: 6, extra: 2, current: 8, busy: 8, please increase LSAPI_CHILDREN.
[UID:2123][2567851] Reached max children process limit: 6, extra: 2, current: 8, busy: 8, please increase LSAPI_CHILDREN.
[UID:2123][2567851] Reached max children process limit: 6, extra: 2, current: 8, busy: 8, please increase LSAPI_CHILDREN.
[UID:2123][2567851] Reached max children process limit: 6, extra: 2, current: 8, busy: 8, please increase LSAPI_CHILDREN.
[UID:2123][2567851] Reached max children process limit: 6, extra: 2, current: 8, busy: 8, please increase LSAPI_CHILDREN.
[UID:2123][2567851] Reached max children process limit: 6, extra: 2, current: 8, busy: 8, please increase LSAPI_CHILDREN.
[UID:2123][2567851] Reached max children process limit: 6, extra: 2, current: 8, busy: 8, please increase LSAPI_CHILDREN.
[UID:2123][2567851] Reached max children process limit: 6, extra: 2, current: 8, busy: 8, please increase LSAPI_CHILDREN.
[UID:2123][2567851] Reached max children process limit: 6, extra: 2, current: 8, busy: 8, please increase LSAPI_CHILDREN.
[UID:2123][2567851] Reached max children process limit: 6, extra: 2, current: 8, busy: 8, please increase LSAPI_CHILDREN.
[UID:2123][2567851] Reached max children process limit: 6, extra: 2, current: 8, busy: 7, please increase LSAPI_CHILDREN.
Not Found: /favicon.ico
/home2/techprog/virtualenv/therapypoint/3.12/lib/python3.12/site-packages/django_q/conf.py:8: UserWarning: pkg_resources is deprecated as an API. See https://setuptools.pypa.io/en/latest/pkg_resources.html. The pkg_resources package is slated for removal as early as 2025-11-30. Refrain from using this package or pin to Setuptools<81.
  import pkg_resources
Not Found: /favicon.ico
/home2/techprog/virtualenv/therapypoint/3.12/lib/python3.12/site-packages/django_q/conf.py:8: UserWarning: pkg_resources is deprecated as an API. See https://setuptools.pypa.io/en/latest/pkg_resources.html. The pkg_resources package is slated for removal as early as 2025-11-30. Refrain from using this package or pin to Setuptools<81.
  import pkg_resources
Not Found: /favicon.ico
/home2/techprog/virtualenv/therapypoint/3.12/lib/python3.12/site-packages/django_q/conf.py:8: UserWarning: pkg_resources is deprecated as an API. See https://setuptools.pypa.io/en/latest/pkg_resources.html. The pkg_resources package is slated for removal as early as 2025-11-30. Refrain from using this package or pin to Setuptools<81.
  import pkg_resources
/home2/techprog/virtualenv/therapypoint/3.12/lib/python3.12/site-packages/django_q/conf.py:8: UserWarning: pkg_resources is deprecated as an API. See https://setuptools.pypa.io/en/latest/pkg_resources.html. The pkg_resources package is slated for removal as early as 2025-11-30. Refrain from using this package or pin to Setuptools<81.
  import pkg_resources
/home2/techprog/virtualenv/therapypoint/3.12/lib/python3.12/site-packages/django_q/conf.py:8: UserWarning: pkg_resources is deprecated as an API. See https://setuptools.pypa.io/en/latest/pkg_resources.html. The pkg_resources package is slated for removal as early as 2025-11-30. Refrain from using this package or pin to Setuptools<81.
  import pkg_resources
Not Found: /favicon.ico
/home2/techprog/virtualenv/therapypoint/3.12/lib/python3.12/site-packages/django_q/conf.py:8: UserWarning: pkg_resources is deprecated as an API. See https://setuptools.pypa.io/en/latest/pkg_resources.html. The pkg_resources package is slated for removal as early as 2025-11-30. Refrain from using this package or pin to Setuptools<81.
  import pkg_resources
Not Found: /favicon.ico
/home2/techprog/virtualenv/therapypoint/3.12/lib/python3.12/site-packages/django_q/conf.py:8: UserWarning: pkg_resources is deprecated as an API. See https://setuptools.pypa.io/en/latest/pkg_resources.html. The pkg_resources package is slated for removal as early as 2025-11-30. Refrain from using this package or pin to Setuptools<81.
  import pkg_resources
Not Found: /favicon.ico
/home2/techprog/virtualenv/therapypoint/3.12/lib/python3.12/site-packages/django_q/conf.py:8: UserWarning: pkg_resources is deprecated as an API. See https://setuptools.pypa.io/en/latest/pkg_resources.html. The pkg_resources package is slated for removal as early as 2025-11-30. Refrain from using this package or pin to Setuptools<81.
  import pkg_resources
Not Found: /favicon.ico
Not Found: /favicon.ico
/home2/techprog/virtualenv/therapypoint/3.12/lib/python3.12/site-packages/django_q/conf.py:8: UserWarning: pkg_resources is deprecated as an API. See https://setuptools.pypa.io/en/latest/pkg_resources.html. The pkg_resources package is slated for removal as early as 2025-11-30. Refrain from using this package or pin to Setuptools<81.
  import pkg_resources
/home2/techprog/virtualenv/therapypoint/3.12/lib/python3.12/site-packages/django_q/conf.py:8: UserWarning: pkg_resources is deprecated as an API. See https://setuptools.pypa.io/en/latest/pkg_resources.html. The pkg_resources package is slated for removal as early as 2025-11-30. Refrain from using this package or pin to Setuptools<81.
  import pkg_resources
Not Found: /favicon.ico
Not Found: /media/
/home2/techprog/virtualenv/therapypoint/3.12/lib/python3.12/site-packages/django_q/conf.py:8: UserWarning: pkg_resources is deprecated as an API. See https://setuptools.pypa.io/en/latest/pkg_resources.html. The pkg_resources package is slated for removal as early as 2025-11-30. Refrain from using this package or pin to Setuptools<81.
  import pkg_resources
/home2/techprog/virtualenv/therapypoint/3.12/lib/python3.12/site-packages/django_q/conf.py:8: UserWarning: pkg_resources is deprecated as an API. See https://setuptools.pypa.io/en/latest/pkg_resources.html. The pkg_resources package is slated for removal as early as 2025-11-30. Refrain from using this package or pin to Setuptools<81.
  import pkg_resources
Not Found: /robots.txt
/home2/techprog/virtualenv/therapypoint/3.12/lib/python3.12/site-packages/django_q/conf.py:8: UserWarning: pkg_resources is deprecated as an API. See https://setuptools.pypa.io/en/latest/pkg_resources.html. The pkg_resources package is slated for removal as early as 2025-11-30. Refrain from using this package or pin to Setuptools<81.
  import pkg_resources
/home2/techprog/virtualenv/therapypoint/3.12/lib/python3.12/site-packages/django_q/conf.py:8: UserWarning: pkg_resources is deprecated as an API. See https://setuptools.pypa.io/en/latest/pkg_resources.html. The pkg_resources package is slated for removal as early as 2025-11-30. Refrain from using this package or pin to Setuptools<81.
  import pkg_resources
/home2/techprog/virtualenv/therapypoint/3.12/lib/python3.12/site-packages/django_q/conf.py:8: UserWarning: pkg_resources is deprecated as an API. See https://setuptools.pypa.io/en/latest/pkg_resources.html. The pkg_resources package is slated for removal as early as 2025-11-30. Refrain from using this package or pin to Setuptools<81.
  import pkg_resources
Not Found: /favicon.ico
[UID:2123][1112316] Child process with pid: 1114842 was killed by signal: 15, core dumped: no
[UID:2123][1112316] Child process with pid: 1114841 was killed by signal: 15, core dumped: no
/home2/techprog/virtualenv/therapypoint/3.12/lib/python3.12/site-packages/django_q/conf.py:8: UserWarning: pkg_resources is deprecated as an API. See https://setuptools.pypa.io/en/latest/pkg_resources.html. The pkg_resources package is slated for removal as early as 2025-11-30. Refrain from using this package or pin to Setuptools<81.
  import pkg_resources
/home2/techprog/virtualenv/therapypoint/3.12/lib/python3.12/site-packages/django_q/conf.py:8: UserWarning: pkg_resources is deprecated as an API. See https://setuptools.pypa.io/en/latest/pkg_resources.html. The pkg_resources package is slated for removal as early as 2025-11-30. Refrain from using this package or pin to Setuptools<81.
  import pkg_resources
/home2/techprog/virtualenv/therapypoint/3.12/lib/python3.12/site-packages/django_q/conf.py:8: UserWarning: pkg_resources is deprecated as an API. See https://setuptools.pypa.io/en/latest/pkg_resources.html. The pkg_resources package is slated for removal as early as 2025-11-30. Refrain from using this package or pin to Setuptools<81.
  import pkg_resources
[UID:2123][2730327] Reached max children process limit: 6, extra: 2, current: 8, busy: 7, please increase LSAPI_CHILDREN.
[UID:2123][2730327] Reached max children process limit: 6, extra: 2, current: 8, busy: 8, please increase LSAPI_CHILDREN.
[UID:2123][2730327] Reached max children process limit: 6, extra: 2, current: 8, busy: 7, please increase LSAPI_CHILDREN.
[UID:2123][2730327] Reached max children process limit: 6, extra: 2, current: 8, busy: 7, please increase LSAPI_CHILDREN.
Not Found: /favicon.ico
[UID:2123][2730327] Child process with pid: 2730776 was killed by signal: 15, core dumped: no
Not Found: /favicon.ico
Not Found: /favicon.ico
Not Found: /favicon.ico
/home2/techprog/virtualenv/therapypoint/3.12/lib/python3.12/site-packages/django_q/conf.py:8: UserWarning: pkg_resources is deprecated as an API. See https://setuptools.pypa.io/en/latest/pkg_resources.html. The pkg_resources package is slated for removal as early as 2025-11-30. Refrain from using this package or pin to Setuptools<81.
  import pkg_resources
Not Found: /favicon.ico
Not Found: /media/boy-with-down-syndrome-cooking-with-female-support-worker-independant-living%20(1).jpeg
Not Found: /media/boy-with-down-syndrome-cooking-with-female-support-worker-independant-living%20(1)_eiFeoGY.jpeg
Not Found: /media/boy-with-down-syndrome-cooking-with-female-support-worker-independant-living%20(1)_eiFeoGY.jpeg
Not Found: /media/boy-with-down-syndrome-cooking-with-female-support-worker-independant-living%20(1)_eiFeoGY.jpeg
Not Found: /media/boy-with-down-syndrome-cooking-with-female-support-worker-independant-living%20(1)_eiFeoGY.jpeg
/home2/techprog/virtualenv/therapypoint/3.12/lib/python3.12/site-packages/django_q/conf.py:8: UserWarning: pkg_resources is deprecated as an API. See https://setuptools.pypa.io/en/latest/pkg_resources.html. The pkg_resources package is slated for removal as early as 2025-11-30. Refrain from using this package or pin to Setuptools<81.
  import pkg_resources
Internal Server Error: /chatbot-api/
Traceback (most recent call last):
  File "/home2/techprog/virtualenv/therapypoint/3.12/lib/python3.12/site-packages/django/core/handlers/exception.py", line 47, in inner
    response = get_response(request)
               ^^^^^^^^^^^^^^^^^^^^^
  File "/home2/techprog/virtualenv/therapypoint/3.12/lib/python3.12/site-packages/django/core/handlers/base.py", line 181, in _get_response
    response = wrapped_callback(request, *callback_args, **callback_kwargs)
               ^^^^^^^^^^^^^^^^^^^^^^^^^^^^^^^^^^^^^^^^^^^^^^^^^^^^^^^^^^^^
  File "/home2/techprog/virtualenv/therapypoint/3.12/lib/python3.12/site-packages/django/views/decorators/csrf.py", line 54, in wrapped_view
    return view_func(*args, **kwargs)
           ^^^^^^^^^^^^^^^^^^^^^^^^^^
  File "/home2/techprog/therapypoint/myapp/views.py", line 289, in chatbot_api
    send_mail(
  File "/home2/techprog/virtualenv/therapypoint/3.12/lib/python3.12/site-packages/django/core/mail/__init__.py", line 61, in send_mail
    return mail.send()
           ^^^^^^^^^^^
  File "/home2/techprog/virtualenv/therapypoint/3.12/lib/python3.12/site-packages/django/core/mail/message.py", line 284, in send
    return self.get_connection(fail_silently).send_messages([self])
           ^^^^^^^^^^^^^^^^^^^^^^^^^^^^^^^^^^^^^^^^^^^^^^^^^^^^^^^^
  File "/home2/techprog/virtualenv/therapypoint/3.12/lib/python3.12/site-packages/django/core/mail/backends/smtp.py", line 102, in send_messages
    new_conn_created = self.open()
                       ^^^^^^^^^^^
  File "/home2/techprog/virtualenv/therapypoint/3.12/lib/python3.12/site-packages/django/core/mail/backends/smtp.py", line 62, in open
    self.connection = self.connection_class(self.host, self.port, **connection_params)
                      ^^^^^^^^^^^^^^^^^^^^^^^^^^^^^^^^^^^^^^^^^^^^^^^^^^^^^^^^^^^^^^^^
TypeError: SMTP_SSL.__init__() got an unexpected keyword argument 'keyfile'
/home2/techprog/virtualenv/therapypoint/3.12/lib/python3.12/site-packages/django_q/conf.py:8: UserWarning: pkg_resources is deprecated as an API. See https://setuptools.pypa.io/en/latest/pkg_resources.html. The pkg_resources package is slated for removal as early as 2025-11-30. Refrain from using this package or pin to Setuptools<81.
  import pkg_resources
/home2/techprog/virtualenv/therapypoint/3.12/lib/python3.12/site-packages/django_q/conf.py:8: UserWarning: pkg_resources is deprecated as an API. See https://setuptools.pypa.io/en/latest/pkg_resources.html. The pkg_resources package is slated for removal as early as 2025-11-30. Refrain from using this package or pin to Setuptools<81.
  import pkg_resources
/home2/techprog/virtualenv/therapypoint/3.12/lib/python3.12/site-packages/django_q/conf.py:8: UserWarning: pkg_resources is deprecated as an API. See https://setuptools.pypa.io/en/latest/pkg_resources.html. The pkg_resources package is slated for removal as early as 2025-11-30. Refrain from using this package or pin to Setuptools<81.
  import pkg_resources
Not Found: /config.json
/home2/techprog/virtualenv/therapypoint/3.12/lib/python3.12/site-packages/django_q/conf.py:8: UserWarning: pkg_resources is deprecated as an API. See https://setuptools.pypa.io/en/latest/pkg_resources.html. The pkg_resources package is slated for removal as early as 2025-11-30. Refrain from using this package or pin to Setuptools<81.
  import pkg_resources
/home2/techprog/virtualenv/therapypoint/3.12/lib/python3.12/site-packages/django_q/conf.py:8: UserWarning: pkg_resources is deprecated as an API. See https://setuptools.pypa.io/en/latest/pkg_resources.html. The pkg_resources package is slated for removal as early as 2025-11-30. Refrain from using this package or pin to Setuptools<81.
  import pkg_resources
Traceback (most recent call last):
  File "/home2/techprog/therapypoint/passenger_wsgi.py", line 7, in <module>
    from myproject.wsgi import application
  File "/home2/techprog/therapypoint/myproject/wsgi.py", line 16, in <module>
    application = get_wsgi_application()
                  ^^^^^^^^^^^^^^^^^^^^^^
  File "/home2/techprog/virtualenv/therapypoint/3.12/lib/python3.12/site-packages/django/core/wsgi.py", line 13, in get_wsgi_application
    return WSGIHandler()
           ^^^^^^^^^^^^^
  File "/home2/techprog/virtualenv/therapypoint/3.12/lib/python3.12/site-packages/django/core/handlers/wsgi.py", line 127, in __init__
    self.load_middleware()
  File "/home2/techprog/virtualenv/therapypoint/3.12/lib/python3.12/site-packages/django/core/handlers/base.py", line 40, in load_middleware
    middleware = import_string(middleware_path)
                 ^^^^^^^^^^^^^^^^^^^^^^^^^^^^^^
  File "/home2/techprog/virtualenv/therapypoint/3.12/lib/python3.12/site-packages/django/utils/module_loading.py", line 17, in import_string
    module = import_module(module_path)
             ^^^^^^^^^^^^^^^^^^^^^^^^^^
  File "/opt/alt/python312/lib64/python3.12/importlib/__init__.py", line 90, in import_module
    return _bootstrap._gcd_import(name[level:], package, level)
           ^^^^^^^^^^^^^^^^^^^^^^^^^^^^^^^^^^^^^^^^^^^^^^^^^^^^
ModuleNotFoundError: No module named 'myapp.middleware'
Traceback (most recent call last):
  File "/home2/techprog/therapypoint/passenger_wsgi.py", line 7, in <module>
    from myproject.wsgi import application
  File "/home2/techprog/therapypoint/myproject/wsgi.py", line 16, in <module>
    application = get_wsgi_application()
                  ^^^^^^^^^^^^^^^^^^^^^^
  File "/home2/techprog/virtualenv/therapypoint/3.12/lib/python3.12/site-packages/django/core/wsgi.py", line 13, in get_wsgi_application
    return WSGIHandler()
           ^^^^^^^^^^^^^
  File "/home2/techprog/virtualenv/therapypoint/3.12/lib/python3.12/site-packages/django/core/handlers/wsgi.py", line 127, in __init__
    self.load_middleware()
  File "/home2/techprog/virtualenv/therapypoint/3.12/lib/python3.12/site-packages/django/core/handlers/base.py", line 40, in load_middleware
    middleware = import_string(middleware_path)
                 ^^^^^^^^^^^^^^^^^^^^^^^^^^^^^^
  File "/home2/techprog/virtualenv/therapypoint/3.12/lib/python3.12/site-packages/django/utils/module_loading.py", line 17, in import_string
    module = import_module(module_path)
             ^^^^^^^^^^^^^^^^^^^^^^^^^^
  File "/opt/alt/python312/lib64/python3.12/importlib/__init__.py", line 90, in import_module
    return _bootstrap._gcd_import(name[level:], package, level)
           ^^^^^^^^^^^^^^^^^^^^^^^^^^^^^^^^^^^^^^^^^^^^^^^^^^^^
ModuleNotFoundError: No module named 'myapp.middleware'
[UID:2123][100731] Child process with pid: 100825 was killed by signal: 15, core dumped: no
Traceback (most recent call last):
  File "/home2/techprog/therapypoint/passenger_wsgi.py", line 7, in <module>
    from myproject.wsgi import application
  File "/home2/techprog/therapypoint/myproject/wsgi.py", line 16, in <module>
    application = get_wsgi_application()
                  ^^^^^^^^^^^^^^^^^^^^^^
  File "/home2/techprog/virtualenv/therapypoint/3.12/lib/python3.12/site-packages/django/core/wsgi.py", line 13, in get_wsgi_application
    return WSGIHandler()
           ^^^^^^^^^^^^^
  File "/home2/techprog/virtualenv/therapypoint/3.12/lib/python3.12/site-packages/django/core/handlers/wsgi.py", line 127, in __init__
    self.load_middleware()
  File "/home2/techprog/virtualenv/therapypoint/3.12/lib/python3.12/site-packages/django/core/handlers/base.py", line 40, in load_middleware
    middleware = import_string(middleware_path)
                 ^^^^^^^^^^^^^^^^^^^^^^^^^^^^^^
  File "/home2/techprog/virtualenv/therapypoint/3.12/lib/python3.12/site-packages/django/utils/module_loading.py", line 17, in import_string
    module = import_module(module_path)
             ^^^^^^^^^^^^^^^^^^^^^^^^^^
  File "/opt/alt/python312/lib64/python3.12/importlib/__init__.py", line 90, in import_module
    return _bootstrap._gcd_import(name[level:], package, level)
           ^^^^^^^^^^^^^^^^^^^^^^^^^^^^^^^^^^^^^^^^^^^^^^^^^^^^
ModuleNotFoundError: No module named 'myapp.middleware'
[UID:2123][100731] Child process with pid: 100887 was killed by signal: 15, core dumped: no
Traceback (most recent call last):
  File "/home2/techprog/therapypoint/passenger_wsgi.py", line 7, in <module>
    from myproject.wsgi import application
  File "/home2/techprog/therapypoint/myproject/wsgi.py", line 16, in <module>
    application = get_wsgi_application()
                  ^^^^^^^^^^^^^^^^^^^^^^
  File "/home2/techprog/virtualenv/therapypoint/3.12/lib/python3.12/site-packages/django/core/wsgi.py", line 13, in get_wsgi_application
    return WSGIHandler()
           ^^^^^^^^^^^^^
  File "/home2/techprog/virtualenv/therapypoint/3.12/lib/python3.12/site-packages/django/core/handlers/wsgi.py", line 127, in __init__
    self.load_middleware()
  File "/home2/techprog/virtualenv/therapypoint/3.12/lib/python3.12/site-packages/django/core/handlers/base.py", line 40, in load_middleware
    middleware = import_string(middleware_path)
                 ^^^^^^^^^^^^^^^^^^^^^^^^^^^^^^
  File "/home2/techprog/virtualenv/therapypoint/3.12/lib/python3.12/site-packages/django/utils/module_loading.py", line 17, in import_string
    module = import_module(module_path)
             ^^^^^^^^^^^^^^^^^^^^^^^^^^
  File "/opt/alt/python312/lib64/python3.12/importlib/__init__.py", line 90, in import_module
    return _bootstrap._gcd_import(name[level:], package, level)
           ^^^^^^^^^^^^^^^^^^^^^^^^^^^^^^^^^^^^^^^^^^^^^^^^^^^^
ModuleNotFoundError: No module named 'myapp.middleware'
[UID:2123][100731] Child process with pid: 100991 was killed by signal: 15, core dumped: no
Traceback (most recent call last):
  File "/home2/techprog/therapypoint/passenger_wsgi.py", line 7, in <module>
    from myproject.wsgi import application
  File "/home2/techprog/therapypoint/myproject/wsgi.py", line 16, in <module>
    application = get_wsgi_application()
                  ^^^^^^^^^^^^^^^^^^^^^^
  File "/home2/techprog/virtualenv/therapypoint/3.12/lib/python3.12/site-packages/django/core/wsgi.py", line 13, in get_wsgi_application
    return WSGIHandler()
           ^^^^^^^^^^^^^
  File "/home2/techprog/virtualenv/therapypoint/3.12/lib/python3.12/site-packages/django/core/handlers/wsgi.py", line 127, in __init__
    self.load_middleware()
  File "/home2/techprog/virtualenv/therapypoint/3.12/lib/python3.12/site-packages/django/core/handlers/base.py", line 40, in load_middleware
    middleware = import_string(middleware_path)
                 ^^^^^^^^^^^^^^^^^^^^^^^^^^^^^^
  File "/home2/techprog/virtualenv/therapypoint/3.12/lib/python3.12/site-packages/django/utils/module_loading.py", line 17, in import_string
    module = import_module(module_path)
             ^^^^^^^^^^^^^^^^^^^^^^^^^^
  File "/opt/alt/python312/lib64/python3.12/importlib/__init__.py", line 90, in import_module
    return _bootstrap._gcd_import(name[level:], package, level)
           ^^^^^^^^^^^^^^^^^^^^^^^^^^^^^^^^^^^^^^^^^^^^^^^^^^^^
ModuleNotFoundError: No module named 'myapp.middleware'
[UID:2123][100731] Child process with pid: 101166 was killed by signal: 15, core dumped: no
Traceback (most recent call last):
  File "/home2/techprog/therapypoint/passenger_wsgi.py", line 7, in <module>
    from myproject.wsgi import application
  File "/home2/techprog/therapypoint/myproject/wsgi.py", line 16, in <module>
    application = get_wsgi_application()
                  ^^^^^^^^^^^^^^^^^^^^^^
  File "/home2/techprog/virtualenv/therapypoint/3.12/lib/python3.12/site-packages/django/core/wsgi.py", line 13, in get_wsgi_application
    return WSGIHandler()
           ^^^^^^^^^^^^^
  File "/home2/techprog/virtualenv/therapypoint/3.12/lib/python3.12/site-packages/django/core/handlers/wsgi.py", line 127, in __init__
    self.load_middleware()
  File "/home2/techprog/virtualenv/therapypoint/3.12/lib/python3.12/site-packages/django/core/handlers/base.py", line 40, in load_middleware
    middleware = import_string(middleware_path)
                 ^^^^^^^^^^^^^^^^^^^^^^^^^^^^^^
  File "/home2/techprog/virtualenv/therapypoint/3.12/lib/python3.12/site-packages/django/utils/module_loading.py", line 17, in import_string
    module = import_module(module_path)
             ^^^^^^^^^^^^^^^^^^^^^^^^^^
  File "/opt/alt/python312/lib64/python3.12/importlib/__init__.py", line 90, in import_module
    return _bootstrap._gcd_import(name[level:], package, level)
           ^^^^^^^^^^^^^^^^^^^^^^^^^^^^^^^^^^^^^^^^^^^^^^^^^^^^
ModuleNotFoundError: No module named 'myapp.middleware'
[UID:2123][100731] Child process with pid: 101186 was killed by signal: 15, core dumped: no
Traceback (most recent call last):
  File "/home2/techprog/therapypoint/passenger_wsgi.py", line 7, in <module>
    from myproject.wsgi import application
  File "/home2/techprog/therapypoint/myproject/wsgi.py", line 16, in <module>
    application = get_wsgi_application()
                  ^^^^^^^^^^^^^^^^^^^^^^
  File "/home2/techprog/virtualenv/therapypoint/3.12/lib/python3.12/site-packages/django/core/wsgi.py", line 13, in get_wsgi_application
    return WSGIHandler()
           ^^^^^^^^^^^^^
  File "/home2/techprog/virtualenv/therapypoint/3.12/lib/python3.12/site-packages/django/core/handlers/wsgi.py", line 127, in __init__
    self.load_middleware()
  File "/home2/techprog/virtualenv/therapypoint/3.12/lib/python3.12/site-packages/django/core/handlers/base.py", line 40, in load_middleware
    middleware = import_string(middleware_path)
                 ^^^^^^^^^^^^^^^^^^^^^^^^^^^^^^
  File "/home2/techprog/virtualenv/therapypoint/3.12/lib/python3.12/site-packages/django/utils/module_loading.py", line 17, in import_string
    module = import_module(module_path)
             ^^^^^^^^^^^^^^^^^^^^^^^^^^
  File "/opt/alt/python312/lib64/python3.12/importlib/__init__.py", line 90, in import_module
    return _bootstrap._gcd_import(name[level:], package, level)
           ^^^^^^^^^^^^^^^^^^^^^^^^^^^^^^^^^^^^^^^^^^^^^^^^^^^^
ModuleNotFoundError: No module named 'myapp.middleware'
[UID:2123][100731] Child process with pid: 101966 was killed by signal: 15, core dumped: no
Traceback (most recent call last):
  File "/home2/techprog/therapypoint/passenger_wsgi.py", line 7, in <module>
    from myproject.wsgi import application
  File "/home2/techprog/therapypoint/myproject/wsgi.py", line 16, in <module>
    application = get_wsgi_application()
                  ^^^^^^^^^^^^^^^^^^^^^^
  File "/home2/techprog/virtualenv/therapypoint/3.12/lib/python3.12/site-packages/django/core/wsgi.py", line 13, in get_wsgi_application
    return WSGIHandler()
           ^^^^^^^^^^^^^
  File "/home2/techprog/virtualenv/therapypoint/3.12/lib/python3.12/site-packages/django/core/handlers/wsgi.py", line 127, in __init__
    self.load_middleware()
  File "/home2/techprog/virtualenv/therapypoint/3.12/lib/python3.12/site-packages/django/core/handlers/base.py", line 40, in load_middleware
    middleware = import_string(middleware_path)
                 ^^^^^^^^^^^^^^^^^^^^^^^^^^^^^^
  File "/home2/techprog/virtualenv/therapypoint/3.12/lib/python3.12/site-packages/django/utils/module_loading.py", line 17, in import_string
    module = import_module(module_path)
             ^^^^^^^^^^^^^^^^^^^^^^^^^^
  File "/opt/alt/python312/lib64/python3.12/importlib/__init__.py", line 90, in import_module
    return _bootstrap._gcd_import(name[level:], package, level)
           ^^^^^^^^^^^^^^^^^^^^^^^^^^^^^^^^^^^^^^^^^^^^^^^^^^^^
ModuleNotFoundError: No module named 'myapp.middleware'
[UID:2123][100731] Child process with pid: 101989 was killed by signal: 15, core dumped: no
/home2/techprog/virtualenv/therapypoint/3.12/lib/python3.12/site-packages/django_q/conf.py:8: UserWarning: pkg_resources is deprecated as an API. See https://setuptools.pypa.io/en/latest/pkg_resources.html. The pkg_resources package is slated for removal as early as 2025-11-30. Refrain from using this package or pin to Setuptools<81.
  import pkg_resources
Traceback (most recent call last):
  File "/home2/techprog/therapypoint/passenger_wsgi.py", line 7, in <module>
    from myproject.wsgi import application
  File "/home2/techprog/therapypoint/myproject/wsgi.py", line 16, in <module>
    application = get_wsgi_application()
                  ^^^^^^^^^^^^^^^^^^^^^^
  File "/home2/techprog/virtualenv/therapypoint/3.12/lib/python3.12/site-packages/django/core/wsgi.py", line 13, in get_wsgi_application
    return WSGIHandler()
           ^^^^^^^^^^^^^
  File "/home2/techprog/virtualenv/therapypoint/3.12/lib/python3.12/site-packages/django/core/handlers/wsgi.py", line 127, in __init__
    self.load_middleware()
  File "/home2/techprog/virtualenv/therapypoint/3.12/lib/python3.12/site-packages/django/core/handlers/base.py", line 40, in load_middleware
    middleware = import_string(middleware_path)
                 ^^^^^^^^^^^^^^^^^^^^^^^^^^^^^^
  File "/home2/techprog/virtualenv/therapypoint/3.12/lib/python3.12/site-packages/django/utils/module_loading.py", line 17, in import_string
    module = import_module(module_path)
             ^^^^^^^^^^^^^^^^^^^^^^^^^^
  File "/opt/alt/python312/lib64/python3.12/importlib/__init__.py", line 90, in import_module
    return _bootstrap._gcd_import(name[level:], package, level)
           ^^^^^^^^^^^^^^^^^^^^^^^^^^^^^^^^^^^^^^^^^^^^^^^^^^^^
ModuleNotFoundError: No module named 'myapp.middleware'
Traceback (most recent call last):
  File "/home2/techprog/therapypoint/passenger_wsgi.py", line 7, in <module>
    from myproject.wsgi import application
  File "/home2/techprog/therapypoint/myproject/wsgi.py", line 16, in <module>
    application = get_wsgi_application()
                  ^^^^^^^^^^^^^^^^^^^^^^
  File "/home2/techprog/virtualenv/therapypoint/3.12/lib/python3.12/site-packages/django/core/wsgi.py", line 13, in get_wsgi_application
    return WSGIHandler()
           ^^^^^^^^^^^^^
  File "/home2/techprog/virtualenv/therapypoint/3.12/lib/python3.12/site-packages/django/core/handlers/wsgi.py", line 127, in __init__
    self.load_middleware()
  File "/home2/techprog/virtualenv/therapypoint/3.12/lib/python3.12/site-packages/django/core/handlers/base.py", line 40, in load_middleware
    middleware = import_string(middleware_path)
                 ^^^^^^^^^^^^^^^^^^^^^^^^^^^^^^
  File "/home2/techprog/virtualenv/therapypoint/3.12/lib/python3.12/site-packages/django/utils/module_loading.py", line 17, in import_string
    module = import_module(module_path)
             ^^^^^^^^^^^^^^^^^^^^^^^^^^
  File "/opt/alt/python312/lib64/python3.12/importlib/__init__.py", line 90, in import_module
    return _bootstrap._gcd_import(name[level:], package, level)
           ^^^^^^^^^^^^^^^^^^^^^^^^^^^^^^^^^^^^^^^^^^^^^^^^^^^^
ModuleNotFoundError: No module named 'myapp.middleware'
[UID:2123][103029] Child process with pid: 103219 was killed by signal: 15, core dumped: no
Traceback (most recent call last):
  File "/home2/techprog/therapypoint/passenger_wsgi.py", line 7, in <module>
    from myproject.wsgi import application
  File "/home2/techprog/therapypoint/myproject/wsgi.py", line 16, in <module>
    application = get_wsgi_application()
                  ^^^^^^^^^^^^^^^^^^^^^^
  File "/home2/techprog/virtualenv/therapypoint/3.12/lib/python3.12/site-packages/django/core/wsgi.py", line 13, in get_wsgi_application
    return WSGIHandler()
           ^^^^^^^^^^^^^
  File "/home2/techprog/virtualenv/therapypoint/3.12/lib/python3.12/site-packages/django/core/handlers/wsgi.py", line 127, in __init__
    self.load_middleware()
  File "/home2/techprog/virtualenv/therapypoint/3.12/lib/python3.12/site-packages/django/core/handlers/base.py", line 40, in load_middleware
    middleware = import_string(middleware_path)
                 ^^^^^^^^^^^^^^^^^^^^^^^^^^^^^^
  File "/home2/techprog/virtualenv/therapypoint/3.12/lib/python3.12/site-packages/django/utils/module_loading.py", line 17, in import_string
    module = import_module(module_path)
             ^^^^^^^^^^^^^^^^^^^^^^^^^^
  File "/opt/alt/python312/lib64/python3.12/importlib/__init__.py", line 90, in import_module
    return _bootstrap._gcd_import(name[level:], package, level)
           ^^^^^^^^^^^^^^^^^^^^^^^^^^^^^^^^^^^^^^^^^^^^^^^^^^^^
ModuleNotFoundError: No module named 'myapp.middleware'
[UID:2123][103029] Child process with pid: 103249 was killed by signal: 15, core dumped: no
Traceback (most recent call last):
  File "/home2/techprog/therapypoint/passenger_wsgi.py", line 7, in <module>
    from myproject.wsgi import application
  File "/home2/techprog/therapypoint/myproject/wsgi.py", line 16, in <module>
    application = get_wsgi_application()
                  ^^^^^^^^^^^^^^^^^^^^^^
  File "/home2/techprog/virtualenv/therapypoint/3.12/lib/python3.12/site-packages/django/core/wsgi.py", line 13, in get_wsgi_application
    return WSGIHandler()
           ^^^^^^^^^^^^^
  File "/home2/techprog/virtualenv/therapypoint/3.12/lib/python3.12/site-packages/django/core/handlers/wsgi.py", line 127, in __init__
    self.load_middleware()
  File "/home2/techprog/virtualenv/therapypoint/3.12/lib/python3.12/site-packages/django/core/handlers/base.py", line 40, in load_middleware
    middleware = import_string(middleware_path)
                 ^^^^^^^^^^^^^^^^^^^^^^^^^^^^^^
  File "/home2/techprog/virtualenv/therapypoint/3.12/lib/python3.12/site-packages/django/utils/module_loading.py", line 17, in import_string
    module = import_module(module_path)
             ^^^^^^^^^^^^^^^^^^^^^^^^^^
  File "/opt/alt/python312/lib64/python3.12/importlib/__init__.py", line 90, in import_module
    return _bootstrap._gcd_import(name[level:], package, level)
           ^^^^^^^^^^^^^^^^^^^^^^^^^^^^^^^^^^^^^^^^^^^^^^^^^^^^
ModuleNotFoundError: No module named 'myapp.middleware'
[UID:2123][103029] Child process with pid: 103552 was killed by signal: 15, core dumped: no
Traceback (most recent call last):
  File "/home2/techprog/therapypoint/passenger_wsgi.py", line 7, in <module>
    from myproject.wsgi import application
  File "/home2/techprog/therapypoint/myproject/wsgi.py", line 16, in <module>
    application = get_wsgi_application()
                  ^^^^^^^^^^^^^^^^^^^^^^
  File "/home2/techprog/virtualenv/therapypoint/3.12/lib/python3.12/site-packages/django/core/wsgi.py", line 13, in get_wsgi_application
    return WSGIHandler()
           ^^^^^^^^^^^^^
  File "/home2/techprog/virtualenv/therapypoint/3.12/lib/python3.12/site-packages/django/core/handlers/wsgi.py", line 127, in __init__
    self.load_middleware()
  File "/home2/techprog/virtualenv/therapypoint/3.12/lib/python3.12/site-packages/django/core/handlers/base.py", line 40, in load_middleware
    middleware = import_string(middleware_path)
                 ^^^^^^^^^^^^^^^^^^^^^^^^^^^^^^
  File "/home2/techprog/virtualenv/therapypoint/3.12/lib/python3.12/site-packages/django/utils/module_loading.py", line 17, in import_string
    module = import_module(module_path)
             ^^^^^^^^^^^^^^^^^^^^^^^^^^
  File "/opt/alt/python312/lib64/python3.12/importlib/__init__.py", line 90, in import_module
    return _bootstrap._gcd_import(name[level:], package, level)
           ^^^^^^^^^^^^^^^^^^^^^^^^^^^^^^^^^^^^^^^^^^^^^^^^^^^^
ModuleNotFoundError: No module named 'myapp.middleware'
[UID:2123][103029] Child process with pid: 103559 was killed by signal: 15, core dumped: no
Traceback (most recent call last):
  File "/home2/techprog/therapypoint/passenger_wsgi.py", line 7, in <module>
    from myproject.wsgi import application
  File "/home2/techprog/therapypoint/myproject/wsgi.py", line 16, in <module>
    application = get_wsgi_application()
                  ^^^^^^^^^^^^^^^^^^^^^^
  File "/home2/techprog/virtualenv/therapypoint/3.12/lib/python3.12/site-packages/django/core/wsgi.py", line 13, in get_wsgi_application
    return WSGIHandler()
           ^^^^^^^^^^^^^
  File "/home2/techprog/virtualenv/therapypoint/3.12/lib/python3.12/site-packages/django/core/handlers/wsgi.py", line 127, in __init__
    self.load_middleware()
  File "/home2/techprog/virtualenv/therapypoint/3.12/lib/python3.12/site-packages/django/core/handlers/base.py", line 40, in load_middleware
    middleware = import_string(middleware_path)
                 ^^^^^^^^^^^^^^^^^^^^^^^^^^^^^^
  File "/home2/techprog/virtualenv/therapypoint/3.12/lib/python3.12/site-packages/django/utils/module_loading.py", line 17, in import_string
    module = import_module(module_path)
             ^^^^^^^^^^^^^^^^^^^^^^^^^^
  File "/opt/alt/python312/lib64/python3.12/importlib/__init__.py", line 90, in import_module
    return _bootstrap._gcd_import(name[level:], package, level)
           ^^^^^^^^^^^^^^^^^^^^^^^^^^^^^^^^^^^^^^^^^^^^^^^^^^^^
ModuleNotFoundError: No module named 'myapp.middleware'
[UID:2123][103029] Child process with pid: 103621 was killed by signal: 15, core dumped: no
Traceback (most recent call last):
  File "/home2/techprog/therapypoint/passenger_wsgi.py", line 7, in <module>
    from myproject.wsgi import application
  File "/home2/techprog/therapypoint/myproject/wsgi.py", line 16, in <module>
    application = get_wsgi_application()
                  ^^^^^^^^^^^^^^^^^^^^^^
  File "/home2/techprog/virtualenv/therapypoint/3.12/lib/python3.12/site-packages/django/core/wsgi.py", line 13, in get_wsgi_application
    return WSGIHandler()
           ^^^^^^^^^^^^^
  File "/home2/techprog/virtualenv/therapypoint/3.12/lib/python3.12/site-packages/django/core/handlers/wsgi.py", line 127, in __init__
    self.load_middleware()
  File "/home2/techprog/virtualenv/therapypoint/3.12/lib/python3.12/site-packages/django/core/handlers/base.py", line 40, in load_middleware
    middleware = import_string(middleware_path)
                 ^^^^^^^^^^^^^^^^^^^^^^^^^^^^^^
  File "/home2/techprog/virtualenv/therapypoint/3.12/lib/python3.12/site-packages/django/utils/module_loading.py", line 17, in import_string
    module = import_module(module_path)
             ^^^^^^^^^^^^^^^^^^^^^^^^^^
  File "/opt/alt/python312/lib64/python3.12/importlib/__init__.py", line 90, in import_module
    return _bootstrap._gcd_import(name[level:], package, level)
           ^^^^^^^^^^^^^^^^^^^^^^^^^^^^^^^^^^^^^^^^^^^^^^^^^^^^
ModuleNotFoundError: No module named 'myapp.middleware'
[UID:2123][103029] Child process with pid: 103638 was killed by signal: 15, core dumped: no
Traceback (most recent call last):
  File "/home2/techprog/therapypoint/passenger_wsgi.py", line 7, in <module>
    from myproject.wsgi import application
  File "/home2/techprog/therapypoint/myproject/wsgi.py", line 16, in <module>
    application = get_wsgi_application()
                  ^^^^^^^^^^^^^^^^^^^^^^
  File "/home2/techprog/virtualenv/therapypoint/3.12/lib/python3.12/site-packages/django/core/wsgi.py", line 13, in get_wsgi_application
    return WSGIHandler()
           ^^^^^^^^^^^^^
  File "/home2/techprog/virtualenv/therapypoint/3.12/lib/python3.12/site-packages/django/core/handlers/wsgi.py", line 127, in __init__
    self.load_middleware()
  File "/home2/techprog/virtualenv/therapypoint/3.12/lib/python3.12/site-packages/django/core/handlers/base.py", line 40, in load_middleware
    middleware = import_string(middleware_path)
                 ^^^^^^^^^^^^^^^^^^^^^^^^^^^^^^
  File "/home2/techprog/virtualenv/therapypoint/3.12/lib/python3.12/site-packages/django/utils/module_loading.py", line 17, in import_string
    module = import_module(module_path)
             ^^^^^^^^^^^^^^^^^^^^^^^^^^
  File "/opt/alt/python312/lib64/python3.12/importlib/__init__.py", line 90, in import_module
    return _bootstrap._gcd_import(name[level:], package, level)
           ^^^^^^^^^^^^^^^^^^^^^^^^^^^^^^^^^^^^^^^^^^^^^^^^^^^^
ModuleNotFoundError: No module named 'myapp.middleware'
[UID:2123][103029] Child process with pid: 103670 was killed by signal: 15, core dumped: no
Traceback (most recent call last):
  File "/home2/techprog/therapypoint/passenger_wsgi.py", line 7, in <module>
    from myproject.wsgi import application
  File "/home2/techprog/therapypoint/myproject/wsgi.py", line 16, in <module>
    application = get_wsgi_application()
                  ^^^^^^^^^^^^^^^^^^^^^^
  File "/home2/techprog/virtualenv/therapypoint/3.12/lib/python3.12/site-packages/django/core/wsgi.py", line 13, in get_wsgi_application
    return WSGIHandler()
           ^^^^^^^^^^^^^
  File "/home2/techprog/virtualenv/therapypoint/3.12/lib/python3.12/site-packages/django/core/handlers/wsgi.py", line 127, in __init__
    self.load_middleware()
  File "/home2/techprog/virtualenv/therapypoint/3.12/lib/python3.12/site-packages/django/core/handlers/base.py", line 40, in load_middleware
    middleware = import_string(middleware_path)
                 ^^^^^^^^^^^^^^^^^^^^^^^^^^^^^^
  File "/home2/techprog/virtualenv/therapypoint/3.12/lib/python3.12/site-packages/django/utils/module_loading.py", line 17, in import_string
    module = import_module(module_path)
             ^^^^^^^^^^^^^^^^^^^^^^^^^^
  File "/opt/alt/python312/lib64/python3.12/importlib/__init__.py", line 90, in import_module
    return _bootstrap._gcd_import(name[level:], package, level)
           ^^^^^^^^^^^^^^^^^^^^^^^^^^^^^^^^^^^^^^^^^^^^^^^^^^^^
ModuleNotFoundError: No module named 'myapp.middleware'
[UID:2123][103029] Child process with pid: 103690 was killed by signal: 15, core dumped: no
Traceback (most recent call last):
  File "/home2/techprog/therapypoint/passenger_wsgi.py", line 7, in <module>
    from myproject.wsgi import application
  File "/home2/techprog/therapypoint/myproject/wsgi.py", line 16, in <module>
    application = get_wsgi_application()
                  ^^^^^^^^^^^^^^^^^^^^^^
  File "/home2/techprog/virtualenv/therapypoint/3.12/lib/python3.12/site-packages/django/core/wsgi.py", line 13, in get_wsgi_application
    return WSGIHandler()
           ^^^^^^^^^^^^^
  File "/home2/techprog/virtualenv/therapypoint/3.12/lib/python3.12/site-packages/django/core/handlers/wsgi.py", line 127, in __init__
    self.load_middleware()
  File "/home2/techprog/virtualenv/therapypoint/3.12/lib/python3.12/site-packages/django/core/handlers/base.py", line 40, in load_middleware
    middleware = import_string(middleware_path)
                 ^^^^^^^^^^^^^^^^^^^^^^^^^^^^^^
  File "/home2/techprog/virtualenv/therapypoint/3.12/lib/python3.12/site-packages/django/utils/module_loading.py", line 17, in import_string
    module = import_module(module_path)
             ^^^^^^^^^^^^^^^^^^^^^^^^^^
  File "/opt/alt/python312/lib64/python3.12/importlib/__init__.py", line 90, in import_module
    return _bootstrap._gcd_import(name[level:], package, level)
           ^^^^^^^^^^^^^^^^^^^^^^^^^^^^^^^^^^^^^^^^^^^^^^^^^^^^
ModuleNotFoundError: No module named 'myapp.middleware'
[UID:2123][103029] Child process with pid: 103704 was killed by signal: 15, core dumped: no
Traceback (most recent call last):
  File "/home2/techprog/therapypoint/passenger_wsgi.py", line 7, in <module>
    from myproject.wsgi import application
  File "/home2/techprog/therapypoint/myproject/wsgi.py", line 16, in <module>
    application = get_wsgi_application()
                  ^^^^^^^^^^^^^^^^^^^^^^
  File "/home2/techprog/virtualenv/therapypoint/3.12/lib/python3.12/site-packages/django/core/wsgi.py", line 13, in get_wsgi_application
    return WSGIHandler()
           ^^^^^^^^^^^^^
  File "/home2/techprog/virtualenv/therapypoint/3.12/lib/python3.12/site-packages/django/core/handlers/wsgi.py", line 127, in __init__
    self.load_middleware()
  File "/home2/techprog/virtualenv/therapypoint/3.12/lib/python3.12/site-packages/django/core/handlers/base.py", line 40, in load_middleware
    middleware = import_string(middleware_path)
                 ^^^^^^^^^^^^^^^^^^^^^^^^^^^^^^
  File "/home2/techprog/virtualenv/therapypoint/3.12/lib/python3.12/site-packages/django/utils/module_loading.py", line 17, in import_string
    module = import_module(module_path)
             ^^^^^^^^^^^^^^^^^^^^^^^^^^
  File "/opt/alt/python312/lib64/python3.12/importlib/__init__.py", line 90, in import_module
    return _bootstrap._gcd_import(name[level:], package, level)
           ^^^^^^^^^^^^^^^^^^^^^^^^^^^^^^^^^^^^^^^^^^^^^^^^^^^^
ModuleNotFoundError: No module named 'myapp.middleware'
[UID:2123][103029] Child process with pid: 103730 was killed by signal: 15, core dumped: no
Traceback (most recent call last):
  File "/home2/techprog/therapypoint/passenger_wsgi.py", line 7, in <module>
    from myproject.wsgi import application
  File "/home2/techprog/therapypoint/myproject/wsgi.py", line 16, in <module>
    application = get_wsgi_application()
                  ^^^^^^^^^^^^^^^^^^^^^^
  File "/home2/techprog/virtualenv/therapypoint/3.12/lib/python3.12/site-packages/django/core/wsgi.py", line 13, in get_wsgi_application
    return WSGIHandler()
           ^^^^^^^^^^^^^
  File "/home2/techprog/virtualenv/therapypoint/3.12/lib/python3.12/site-packages/django/core/handlers/wsgi.py", line 127, in __init__
    self.load_middleware()
  File "/home2/techprog/virtualenv/therapypoint/3.12/lib/python3.12/site-packages/django/core/handlers/base.py", line 40, in load_middleware
    middleware = import_string(middleware_path)
                 ^^^^^^^^^^^^^^^^^^^^^^^^^^^^^^
  File "/home2/techprog/virtualenv/therapypoint/3.12/lib/python3.12/site-packages/django/utils/module_loading.py", line 17, in import_string
    module = import_module(module_path)
             ^^^^^^^^^^^^^^^^^^^^^^^^^^
  File "/opt/alt/python312/lib64/python3.12/importlib/__init__.py", line 90, in import_module
    return _bootstrap._gcd_import(name[level:], package, level)
           ^^^^^^^^^^^^^^^^^^^^^^^^^^^^^^^^^^^^^^^^^^^^^^^^^^^^
ModuleNotFoundError: No module named 'myapp.middleware'
[UID:2123][103029] Child process with pid: 103735 was killed by signal: 15, core dumped: no
Traceback (most recent call last):
  File "/home2/techprog/therapypoint/passenger_wsgi.py", line 7, in <module>
    from myproject.wsgi import application
  File "/home2/techprog/therapypoint/myproject/wsgi.py", line 16, in <module>
    application = get_wsgi_application()
                  ^^^^^^^^^^^^^^^^^^^^^^
  File "/home2/techprog/virtualenv/therapypoint/3.12/lib/python3.12/site-packages/django/core/wsgi.py", line 13, in get_wsgi_application
    return WSGIHandler()
           ^^^^^^^^^^^^^
  File "/home2/techprog/virtualenv/therapypoint/3.12/lib/python3.12/site-packages/django/core/handlers/wsgi.py", line 127, in __init__
    self.load_middleware()
  File "/home2/techprog/virtualenv/therapypoint/3.12/lib/python3.12/site-packages/django/core/handlers/base.py", line 40, in load_middleware
    middleware = import_string(middleware_path)
                 ^^^^^^^^^^^^^^^^^^^^^^^^^^^^^^
  File "/home2/techprog/virtualenv/therapypoint/3.12/lib/python3.12/site-packages/django/utils/module_loading.py", line 17, in import_string
    module = import_module(module_path)
             ^^^^^^^^^^^^^^^^^^^^^^^^^^
  File "/opt/alt/python312/lib64/python3.12/importlib/__init__.py", line 90, in import_module
    return _bootstrap._gcd_import(name[level:], package, level)
           ^^^^^^^^^^^^^^^^^^^^^^^^^^^^^^^^^^^^^^^^^^^^^^^^^^^^
ModuleNotFoundError: No module named 'myapp.middleware'
[UID:2123][103029] Child process with pid: 103748 was killed by signal: 15, core dumped: no
Traceback (most recent call last):
  File "/home2/techprog/therapypoint/passenger_wsgi.py", line 7, in <module>
    from myproject.wsgi import application
  File "/home2/techprog/therapypoint/myproject/wsgi.py", line 16, in <module>
    application = get_wsgi_application()
                  ^^^^^^^^^^^^^^^^^^^^^^
  File "/home2/techprog/virtualenv/therapypoint/3.12/lib/python3.12/site-packages/django/core/wsgi.py", line 13, in get_wsgi_application
    return WSGIHandler()
           ^^^^^^^^^^^^^
  File "/home2/techprog/virtualenv/therapypoint/3.12/lib/python3.12/site-packages/django/core/handlers/wsgi.py", line 127, in __init__
    self.load_middleware()
  File "/home2/techprog/virtualenv/therapypoint/3.12/lib/python3.12/site-packages/django/core/handlers/base.py", line 40, in load_middleware
    middleware = import_string(middleware_path)
                 ^^^^^^^^^^^^^^^^^^^^^^^^^^^^^^
  File "/home2/techprog/virtualenv/therapypoint/3.12/lib/python3.12/site-packages/django/utils/module_loading.py", line 17, in import_string
    module = import_module(module_path)
             ^^^^^^^^^^^^^^^^^^^^^^^^^^
  File "/opt/alt/python312/lib64/python3.12/importlib/__init__.py", line 90, in import_module
    return _bootstrap._gcd_import(name[level:], package, level)
           ^^^^^^^^^^^^^^^^^^^^^^^^^^^^^^^^^^^^^^^^^^^^^^^^^^^^
ModuleNotFoundError: No module named 'myapp.middleware'
[UID:2123][103029] Child process with pid: 103754 was killed by signal: 15, core dumped: no
Traceback (most recent call last):
  File "/home2/techprog/therapypoint/passenger_wsgi.py", line 7, in <module>
    from myproject.wsgi import application
  File "/home2/techprog/therapypoint/myproject/wsgi.py", line 16, in <module>
    application = get_wsgi_application()
                  ^^^^^^^^^^^^^^^^^^^^^^
  File "/home2/techprog/virtualenv/therapypoint/3.12/lib/python3.12/site-packages/django/core/wsgi.py", line 13, in get_wsgi_application
    return WSGIHandler()
           ^^^^^^^^^^^^^
  File "/home2/techprog/virtualenv/therapypoint/3.12/lib/python3.12/site-packages/django/core/handlers/wsgi.py", line 127, in __init__
    self.load_middleware()
  File "/home2/techprog/virtualenv/therapypoint/3.12/lib/python3.12/site-packages/django/core/handlers/base.py", line 40, in load_middleware
    middleware = import_string(middleware_path)
                 ^^^^^^^^^^^^^^^^^^^^^^^^^^^^^^
  File "/home2/techprog/virtualenv/therapypoint/3.12/lib/python3.12/site-packages/django/utils/module_loading.py", line 17, in import_string
    module = import_module(module_path)
             ^^^^^^^^^^^^^^^^^^^^^^^^^^
  File "/opt/alt/python312/lib64/python3.12/importlib/__init__.py", line 90, in import_module
    return _bootstrap._gcd_import(name[level:], package, level)
           ^^^^^^^^^^^^^^^^^^^^^^^^^^^^^^^^^^^^^^^^^^^^^^^^^^^^
ModuleNotFoundError: No module named 'myapp.middleware'
[UID:2123][103029] Child process with pid: 103762 was killed by signal: 15, core dumped: no
/home2/techprog/virtualenv/therapypoint/3.12/lib/python3.12/site-packages/django_q/conf.py:8: UserWarning: pkg_resources is deprecated as an API. See https://setuptools.pypa.io/en/latest/pkg_resources.html. The pkg_resources package is slated for removal as early as 2025-11-30. Refrain from using this package or pin to Setuptools<81.
  import pkg_resources
Traceback (most recent call last):
  File "/home2/techprog/therapypoint/passenger_wsgi.py", line 7, in <module>
    from myproject.wsgi import application
  File "/home2/techprog/therapypoint/myproject/wsgi.py", line 16, in <module>
    application = get_wsgi_application()
                  ^^^^^^^^^^^^^^^^^^^^^^
  File "/home2/techprog/virtualenv/therapypoint/3.12/lib/python3.12/site-packages/django/core/wsgi.py", line 13, in get_wsgi_application
    return WSGIHandler()
           ^^^^^^^^^^^^^
  File "/home2/techprog/virtualenv/therapypoint/3.12/lib/python3.12/site-packages/django/core/handlers/wsgi.py", line 127, in __init__
    self.load_middleware()
  File "/home2/techprog/virtualenv/therapypoint/3.12/lib/python3.12/site-packages/django/core/handlers/base.py", line 40, in load_middleware
    middleware = import_string(middleware_path)
                 ^^^^^^^^^^^^^^^^^^^^^^^^^^^^^^
  File "/home2/techprog/virtualenv/therapypoint/3.12/lib/python3.12/site-packages/django/utils/module_loading.py", line 17, in import_string
    module = import_module(module_path)
             ^^^^^^^^^^^^^^^^^^^^^^^^^^
  File "/opt/alt/python312/lib64/python3.12/importlib/__init__.py", line 90, in import_module
    return _bootstrap._gcd_import(name[level:], package, level)
           ^^^^^^^^^^^^^^^^^^^^^^^^^^^^^^^^^^^^^^^^^^^^^^^^^^^^
ModuleNotFoundError: No module named 'myapp.middleware'
Traceback (most recent call last):
  File "/home2/techprog/therapypoint/passenger_wsgi.py", line 7, in <module>
    from myproject.wsgi import application
  File "/home2/techprog/therapypoint/myproject/wsgi.py", line 16, in <module>
    application = get_wsgi_application()
                  ^^^^^^^^^^^^^^^^^^^^^^
  File "/home2/techprog/virtualenv/therapypoint/3.12/lib/python3.12/site-packages/django/core/wsgi.py", line 13, in get_wsgi_application
    return WSGIHandler()
           ^^^^^^^^^^^^^
  File "/home2/techprog/virtualenv/therapypoint/3.12/lib/python3.12/site-packages/django/core/handlers/wsgi.py", line 127, in __init__
    self.load_middleware()
  File "/home2/techprog/virtualenv/therapypoint/3.12/lib/python3.12/site-packages/django/core/handlers/base.py", line 40, in load_middleware
    middleware = import_string(middleware_path)
                 ^^^^^^^^^^^^^^^^^^^^^^^^^^^^^^
  File "/home2/techprog/virtualenv/therapypoint/3.12/lib/python3.12/site-packages/django/utils/module_loading.py", line 17, in import_string
    module = import_module(module_path)
             ^^^^^^^^^^^^^^^^^^^^^^^^^^
  File "/opt/alt/python312/lib64/python3.12/importlib/__init__.py", line 90, in import_module
    return _bootstrap._gcd_import(name[level:], package, level)
           ^^^^^^^^^^^^^^^^^^^^^^^^^^^^^^^^^^^^^^^^^^^^^^^^^^^^
ModuleNotFoundError: No module named 'myapp.middleware'
[UID:2123][109338] Child process with pid: 109450 was killed by signal: 15, core dumped: no
Traceback (most recent call last):
  File "/home2/techprog/therapypoint/passenger_wsgi.py", line 7, in <module>
    from myproject.wsgi import application
  File "/home2/techprog/therapypoint/myproject/wsgi.py", line 16, in <module>
    application = get_wsgi_application()
                  ^^^^^^^^^^^^^^^^^^^^^^
  File "/home2/techprog/virtualenv/therapypoint/3.12/lib/python3.12/site-packages/django/core/wsgi.py", line 13, in get_wsgi_application
    return WSGIHandler()
           ^^^^^^^^^^^^^
  File "/home2/techprog/virtualenv/therapypoint/3.12/lib/python3.12/site-packages/django/core/handlers/wsgi.py", line 127, in __init__
    self.load_middleware()
  File "/home2/techprog/virtualenv/therapypoint/3.12/lib/python3.12/site-packages/django/core/handlers/base.py", line 40, in load_middleware
    middleware = import_string(middleware_path)
                 ^^^^^^^^^^^^^^^^^^^^^^^^^^^^^^
  File "/home2/techprog/virtualenv/therapypoint/3.12/lib/python3.12/site-packages/django/utils/module_loading.py", line 17, in import_string
    module = import_module(module_path)
             ^^^^^^^^^^^^^^^^^^^^^^^^^^
  File "/opt/alt/python312/lib64/python3.12/importlib/__init__.py", line 90, in import_module
    return _bootstrap._gcd_import(name[level:], package, level)
           ^^^^^^^^^^^^^^^^^^^^^^^^^^^^^^^^^^^^^^^^^^^^^^^^^^^^
ModuleNotFoundError: No module named 'myapp.middleware'
[UID:2123][109338] Child process with pid: 109480 was killed by signal: 15, core dumped: no
Traceback (most recent call last):
  File "/home2/techprog/therapypoint/passenger_wsgi.py", line 7, in <module>
    from myproject.wsgi import application
  File "/home2/techprog/therapypoint/myproject/wsgi.py", line 16, in <module>
    application = get_wsgi_application()
                  ^^^^^^^^^^^^^^^^^^^^^^
  File "/home2/techprog/virtualenv/therapypoint/3.12/lib/python3.12/site-packages/django/core/wsgi.py", line 13, in get_wsgi_application
    return WSGIHandler()
           ^^^^^^^^^^^^^
  File "/home2/techprog/virtualenv/therapypoint/3.12/lib/python3.12/site-packages/django/core/handlers/wsgi.py", line 127, in __init__
    self.load_middleware()
  File "/home2/techprog/virtualenv/therapypoint/3.12/lib/python3.12/site-packages/django/core/handlers/base.py", line 40, in load_middleware
    middleware = import_string(middleware_path)
                 ^^^^^^^^^^^^^^^^^^^^^^^^^^^^^^
  File "/home2/techprog/virtualenv/therapypoint/3.12/lib/python3.12/site-packages/django/utils/module_loading.py", line 17, in import_string
    module = import_module(module_path)
             ^^^^^^^^^^^^^^^^^^^^^^^^^^
  File "/opt/alt/python312/lib64/python3.12/importlib/__init__.py", line 90, in import_module
    return _bootstrap._gcd_import(name[level:], package, level)
           ^^^^^^^^^^^^^^^^^^^^^^^^^^^^^^^^^^^^^^^^^^^^^^^^^^^^
ModuleNotFoundError: No module named 'myapp.middleware'
[UID:2123][109338] Child process with pid: 128707 was killed by signal: 15, core dumped: no
Traceback (most recent call last):
  File "/home2/techprog/therapypoint/passenger_wsgi.py", line 7, in <module>
    from myproject.wsgi import application
  File "/home2/techprog/therapypoint/myproject/wsgi.py", line 16, in <module>
    application = get_wsgi_application()
                  ^^^^^^^^^^^^^^^^^^^^^^
  File "/home2/techprog/virtualenv/therapypoint/3.12/lib/python3.12/site-packages/django/core/wsgi.py", line 13, in get_wsgi_application
    return WSGIHandler()
           ^^^^^^^^^^^^^
  File "/home2/techprog/virtualenv/therapypoint/3.12/lib/python3.12/site-packages/django/core/handlers/wsgi.py", line 127, in __init__
    self.load_middleware()
  File "/home2/techprog/virtualenv/therapypoint/3.12/lib/python3.12/site-packages/django/core/handlers/base.py", line 40, in load_middleware
    middleware = import_string(middleware_path)
                 ^^^^^^^^^^^^^^^^^^^^^^^^^^^^^^
  File "/home2/techprog/virtualenv/therapypoint/3.12/lib/python3.12/site-packages/django/utils/module_loading.py", line 17, in import_string
    module = import_module(module_path)
             ^^^^^^^^^^^^^^^^^^^^^^^^^^
  File "/opt/alt/python312/lib64/python3.12/importlib/__init__.py", line 90, in import_module
    return _bootstrap._gcd_import(name[level:], package, level)
           ^^^^^^^^^^^^^^^^^^^^^^^^^^^^^^^^^^^^^^^^^^^^^^^^^^^^
ModuleNotFoundError: No module named 'myapp.middleware'
[UID:2123][109338] Child process with pid: 128795 was killed by signal: 15, core dumped: no
Traceback (most recent call last):
  File "/home2/techprog/therapypoint/passenger_wsgi.py", line 7, in <module>
    from myproject.wsgi import application
  File "/home2/techprog/therapypoint/myproject/wsgi.py", line 16, in <module>
    application = get_wsgi_application()
                  ^^^^^^^^^^^^^^^^^^^^^^
  File "/home2/techprog/virtualenv/therapypoint/3.12/lib/python3.12/site-packages/django/core/wsgi.py", line 13, in get_wsgi_application
    return WSGIHandler()
           ^^^^^^^^^^^^^
  File "/home2/techprog/virtualenv/therapypoint/3.12/lib/python3.12/site-packages/django/core/handlers/wsgi.py", line 127, in __init__
    self.load_middleware()
  File "/home2/techprog/virtualenv/therapypoint/3.12/lib/python3.12/site-packages/django/core/handlers/base.py", line 40, in load_middleware
    middleware = import_string(middleware_path)
                 ^^^^^^^^^^^^^^^^^^^^^^^^^^^^^^
  File "/home2/techprog/virtualenv/therapypoint/3.12/lib/python3.12/site-packages/django/utils/module_loading.py", line 17, in import_string
    module = import_module(module_path)
             ^^^^^^^^^^^^^^^^^^^^^^^^^^
  File "/opt/alt/python312/lib64/python3.12/importlib/__init__.py", line 90, in import_module
    return _bootstrap._gcd_import(name[level:], package, level)
           ^^^^^^^^^^^^^^^^^^^^^^^^^^^^^^^^^^^^^^^^^^^^^^^^^^^^
ModuleNotFoundError: No module named 'myapp.middleware'
[UID:2123][109338] Child process with pid: 128860 was killed by signal: 15, core dumped: no
Traceback (most recent call last):
  File "/home2/techprog/therapypoint/passenger_wsgi.py", line 7, in <module>
    from myproject.wsgi import application
  File "/home2/techprog/therapypoint/myproject/wsgi.py", line 16, in <module>
    application = get_wsgi_application()
                  ^^^^^^^^^^^^^^^^^^^^^^
  File "/home2/techprog/virtualenv/therapypoint/3.12/lib/python3.12/site-packages/django/core/wsgi.py", line 13, in get_wsgi_application
    return WSGIHandler()
           ^^^^^^^^^^^^^
  File "/home2/techprog/virtualenv/therapypoint/3.12/lib/python3.12/site-packages/django/core/handlers/wsgi.py", line 127, in __init__
    self.load_middleware()
  File "/home2/techprog/virtualenv/therapypoint/3.12/lib/python3.12/site-packages/django/core/handlers/base.py", line 40, in load_middleware
    middleware = import_string(middleware_path)
                 ^^^^^^^^^^^^^^^^^^^^^^^^^^^^^^
  File "/home2/techprog/virtualenv/therapypoint/3.12/lib/python3.12/site-packages/django/utils/module_loading.py", line 17, in import_string
    module = import_module(module_path)
             ^^^^^^^^^^^^^^^^^^^^^^^^^^
  File "/opt/alt/python312/lib64/python3.12/importlib/__init__.py", line 90, in import_module
    return _bootstrap._gcd_import(name[level:], package, level)
           ^^^^^^^^^^^^^^^^^^^^^^^^^^^^^^^^^^^^^^^^^^^^^^^^^^^^
ModuleNotFoundError: No module named 'myapp.middleware'
[UID:2123][109338] Child process with pid: 128872 was killed by signal: 15, core dumped: no
Traceback (most recent call last):
  File "/home2/techprog/therapypoint/passenger_wsgi.py", line 7, in <module>
    from myproject.wsgi import application
  File "/home2/techprog/therapypoint/myproject/wsgi.py", line 16, in <module>
    application = get_wsgi_application()
                  ^^^^^^^^^^^^^^^^^^^^^^
  File "/home2/techprog/virtualenv/therapypoint/3.12/lib/python3.12/site-packages/django/core/wsgi.py", line 13, in get_wsgi_application
    return WSGIHandler()
           ^^^^^^^^^^^^^
  File "/home2/techprog/virtualenv/therapypoint/3.12/lib/python3.12/site-packages/django/core/handlers/wsgi.py", line 127, in __init__
    self.load_middleware()
  File "/home2/techprog/virtualenv/therapypoint/3.12/lib/python3.12/site-packages/django/core/handlers/base.py", line 40, in load_middleware
    middleware = import_string(middleware_path)
                 ^^^^^^^^^^^^^^^^^^^^^^^^^^^^^^
  File "/home2/techprog/virtualenv/therapypoint/3.12/lib/python3.12/site-packages/django/utils/module_loading.py", line 17, in import_string
    module = import_module(module_path)
             ^^^^^^^^^^^^^^^^^^^^^^^^^^
  File "/opt/alt/python312/lib64/python3.12/importlib/__init__.py", line 90, in import_module
    return _bootstrap._gcd_import(name[level:], package, level)
           ^^^^^^^^^^^^^^^^^^^^^^^^^^^^^^^^^^^^^^^^^^^^^^^^^^^^
ModuleNotFoundError: No module named 'myapp.middleware'
[UID:2123][109338] Child process with pid: 128891 was killed by signal: 15, core dumped: no
Traceback (most recent call last):
  File "/home2/techprog/therapypoint/passenger_wsgi.py", line 7, in <module>
    from myproject.wsgi import application
  File "/home2/techprog/therapypoint/myproject/wsgi.py", line 16, in <module>
    application = get_wsgi_application()
                  ^^^^^^^^^^^^^^^^^^^^^^
  File "/home2/techprog/virtualenv/therapypoint/3.12/lib/python3.12/site-packages/django/core/wsgi.py", line 13, in get_wsgi_application
    return WSGIHandler()
           ^^^^^^^^^^^^^
  File "/home2/techprog/virtualenv/therapypoint/3.12/lib/python3.12/site-packages/django/core/handlers/wsgi.py", line 127, in __init__
    self.load_middleware()
  File "/home2/techprog/virtualenv/therapypoint/3.12/lib/python3.12/site-packages/django/core/handlers/base.py", line 40, in load_middleware
    middleware = import_string(middleware_path)
                 ^^^^^^^^^^^^^^^^^^^^^^^^^^^^^^
  File "/home2/techprog/virtualenv/therapypoint/3.12/lib/python3.12/site-packages/django/utils/module_loading.py", line 17, in import_string
    module = import_module(module_path)
             ^^^^^^^^^^^^^^^^^^^^^^^^^^
  File "/opt/alt/python312/lib64/python3.12/importlib/__init__.py", line 90, in import_module
    return _bootstrap._gcd_import(name[level:], package, level)
           ^^^^^^^^^^^^^^^^^^^^^^^^^^^^^^^^^^^^^^^^^^^^^^^^^^^^
ModuleNotFoundError: No module named 'myapp.middleware'
[UID:2123][109338] Child process with pid: 128911 was killed by signal: 15, core dumped: no
Traceback (most recent call last):
  File "/home2/techprog/therapypoint/passenger_wsgi.py", line 7, in <module>
    from myproject.wsgi import application
  File "/home2/techprog/therapypoint/myproject/wsgi.py", line 16, in <module>
    application = get_wsgi_application()
                  ^^^^^^^^^^^^^^^^^^^^^^
  File "/home2/techprog/virtualenv/therapypoint/3.12/lib/python3.12/site-packages/django/core/wsgi.py", line 13, in get_wsgi_application
    return WSGIHandler()
           ^^^^^^^^^^^^^
  File "/home2/techprog/virtualenv/therapypoint/3.12/lib/python3.12/site-packages/django/core/handlers/wsgi.py", line 127, in __init__
    self.load_middleware()
  File "/home2/techprog/virtualenv/therapypoint/3.12/lib/python3.12/site-packages/django/core/handlers/base.py", line 40, in load_middleware
    middleware = import_string(middleware_path)
                 ^^^^^^^^^^^^^^^^^^^^^^^^^^^^^^
  File "/home2/techprog/virtualenv/therapypoint/3.12/lib/python3.12/site-packages/django/utils/module_loading.py", line 17, in import_string
    module = import_module(module_path)
             ^^^^^^^^^^^^^^^^^^^^^^^^^^
  File "/opt/alt/python312/lib64/python3.12/importlib/__init__.py", line 90, in import_module
    return _bootstrap._gcd_import(name[level:], package, level)
           ^^^^^^^^^^^^^^^^^^^^^^^^^^^^^^^^^^^^^^^^^^^^^^^^^^^^
ModuleNotFoundError: No module named 'myapp.middleware'
[UID:2123][109338] Child process with pid: 128926 was killed by signal: 15, core dumped: no
Traceback (most recent call last):
  File "/home2/techprog/therapypoint/passenger_wsgi.py", line 7, in <module>
    from myproject.wsgi import application
  File "/home2/techprog/therapypoint/myproject/wsgi.py", line 16, in <module>
    application = get_wsgi_application()
                  ^^^^^^^^^^^^^^^^^^^^^^
  File "/home2/techprog/virtualenv/therapypoint/3.12/lib/python3.12/site-packages/django/core/wsgi.py", line 13, in get_wsgi_application
    return WSGIHandler()
           ^^^^^^^^^^^^^
  File "/home2/techprog/virtualenv/therapypoint/3.12/lib/python3.12/site-packages/django/core/handlers/wsgi.py", line 127, in __init__
    self.load_middleware()
  File "/home2/techprog/virtualenv/therapypoint/3.12/lib/python3.12/site-packages/django/core/handlers/base.py", line 40, in load_middleware
    middleware = import_string(middleware_path)
                 ^^^^^^^^^^^^^^^^^^^^^^^^^^^^^^
  File "/home2/techprog/virtualenv/therapypoint/3.12/lib/python3.12/site-packages/django/utils/module_loading.py", line 17, in import_string
    module = import_module(module_path)
             ^^^^^^^^^^^^^^^^^^^^^^^^^^
  File "/opt/alt/python312/lib64/python3.12/importlib/__init__.py", line 90, in import_module
    return _bootstrap._gcd_import(name[level:], package, level)
           ^^^^^^^^^^^^^^^^^^^^^^^^^^^^^^^^^^^^^^^^^^^^^^^^^^^^
ModuleNotFoundError: No module named 'myapp.middleware'
[UID:2123][109338] Child process with pid: 128955 was killed by signal: 15, core dumped: no
Traceback (most recent call last):
  File "/home2/techprog/therapypoint/passenger_wsgi.py", line 7, in <module>
    from myproject.wsgi import application
  File "/home2/techprog/therapypoint/myproject/wsgi.py", line 16, in <module>
    application = get_wsgi_application()
                  ^^^^^^^^^^^^^^^^^^^^^^
  File "/home2/techprog/virtualenv/therapypoint/3.12/lib/python3.12/site-packages/django/core/wsgi.py", line 13, in get_wsgi_application
    return WSGIHandler()
           ^^^^^^^^^^^^^
  File "/home2/techprog/virtualenv/therapypoint/3.12/lib/python3.12/site-packages/django/core/handlers/wsgi.py", line 127, in __init__
    self.load_middleware()
  File "/home2/techprog/virtualenv/therapypoint/3.12/lib/python3.12/site-packages/django/core/handlers/base.py", line 40, in load_middleware
    middleware = import_string(middleware_path)
                 ^^^^^^^^^^^^^^^^^^^^^^^^^^^^^^
  File "/home2/techprog/virtualenv/therapypoint/3.12/lib/python3.12/site-packages/django/utils/module_loading.py", line 17, in import_string
    module = import_module(module_path)
             ^^^^^^^^^^^^^^^^^^^^^^^^^^
  File "/opt/alt/python312/lib64/python3.12/importlib/__init__.py", line 90, in import_module
    return _bootstrap._gcd_import(name[level:], package, level)
           ^^^^^^^^^^^^^^^^^^^^^^^^^^^^^^^^^^^^^^^^^^^^^^^^^^^^
ModuleNotFoundError: No module named 'myapp.middleware'
[UID:2123][109338] Child process with pid: 128956 was killed by signal: 15, core dumped: no
Traceback (most recent call last):
  File "/home2/techprog/therapypoint/passenger_wsgi.py", line 7, in <module>
    from myproject.wsgi import application
  File "/home2/techprog/therapypoint/myproject/wsgi.py", line 16, in <module>
    application = get_wsgi_application()
                  ^^^^^^^^^^^^^^^^^^^^^^
  File "/home2/techprog/virtualenv/therapypoint/3.12/lib/python3.12/site-packages/django/core/wsgi.py", line 13, in get_wsgi_application
    return WSGIHandler()
           ^^^^^^^^^^^^^
  File "/home2/techprog/virtualenv/therapypoint/3.12/lib/python3.12/site-packages/django/core/handlers/wsgi.py", line 127, in __init__
    self.load_middleware()
  File "/home2/techprog/virtualenv/therapypoint/3.12/lib/python3.12/site-packages/django/core/handlers/base.py", line 40, in load_middleware
    middleware = import_string(middleware_path)
                 ^^^^^^^^^^^^^^^^^^^^^^^^^^^^^^
  File "/home2/techprog/virtualenv/therapypoint/3.12/lib/python3.12/site-packages/django/utils/module_loading.py", line 17, in import_string
    module = import_module(module_path)
             ^^^^^^^^^^^^^^^^^^^^^^^^^^
  File "/opt/alt/python312/lib64/python3.12/importlib/__init__.py", line 90, in import_module
    return _bootstrap._gcd_import(name[level:], package, level)
           ^^^^^^^^^^^^^^^^^^^^^^^^^^^^^^^^^^^^^^^^^^^^^^^^^^^^
ModuleNotFoundError: No module named 'myapp.middleware'
[UID:2123][109338] Child process with pid: 128968 was killed by signal: 15, core dumped: no
Traceback (most recent call last):
  File "/home2/techprog/therapypoint/passenger_wsgi.py", line 7, in <module>
    from myproject.wsgi import application
  File "/home2/techprog/therapypoint/myproject/wsgi.py", line 16, in <module>
    application = get_wsgi_application()
                  ^^^^^^^^^^^^^^^^^^^^^^
  File "/home2/techprog/virtualenv/therapypoint/3.12/lib/python3.12/site-packages/django/core/wsgi.py", line 13, in get_wsgi_application
    return WSGIHandler()
           ^^^^^^^^^^^^^
  File "/home2/techprog/virtualenv/therapypoint/3.12/lib/python3.12/site-packages/django/core/handlers/wsgi.py", line 127, in __init__
    self.load_middleware()
  File "/home2/techprog/virtualenv/therapypoint/3.12/lib/python3.12/site-packages/django/core/handlers/base.py", line 40, in load_middleware
    middleware = import_string(middleware_path)
                 ^^^^^^^^^^^^^^^^^^^^^^^^^^^^^^
  File "/home2/techprog/virtualenv/therapypoint/3.12/lib/python3.12/site-packages/django/utils/module_loading.py", line 17, in import_string
    module = import_module(module_path)
             ^^^^^^^^^^^^^^^^^^^^^^^^^^
  File "/opt/alt/python312/lib64/python3.12/importlib/__init__.py", line 90, in import_module
    return _bootstrap._gcd_import(name[level:], package, level)
           ^^^^^^^^^^^^^^^^^^^^^^^^^^^^^^^^^^^^^^^^^^^^^^^^^^^^
ModuleNotFoundError: No module named 'myapp.middleware'
[UID:2123][109338] Child process with pid: 128973 was killed by signal: 15, core dumped: no
Traceback (most recent call last):
  File "/home2/techprog/therapypoint/passenger_wsgi.py", line 7, in <module>
    from myproject.wsgi import application
  File "/home2/techprog/therapypoint/myproject/wsgi.py", line 16, in <module>
    application = get_wsgi_application()
                  ^^^^^^^^^^^^^^^^^^^^^^
  File "/home2/techprog/virtualenv/therapypoint/3.12/lib/python3.12/site-packages/django/core/wsgi.py", line 13, in get_wsgi_application
    return WSGIHandler()
           ^^^^^^^^^^^^^
  File "/home2/techprog/virtualenv/therapypoint/3.12/lib/python3.12/site-packages/django/core/handlers/wsgi.py", line 127, in __init__
    self.load_middleware()
  File "/home2/techprog/virtualenv/therapypoint/3.12/lib/python3.12/site-packages/django/core/handlers/base.py", line 40, in load_middleware
    middleware = import_string(middleware_path)
                 ^^^^^^^^^^^^^^^^^^^^^^^^^^^^^^
  File "/home2/techprog/virtualenv/therapypoint/3.12/lib/python3.12/site-packages/django/utils/module_loading.py", line 17, in import_string
    module = import_module(module_path)
             ^^^^^^^^^^^^^^^^^^^^^^^^^^
  File "/opt/alt/python312/lib64/python3.12/importlib/__init__.py", line 90, in import_module
    return _bootstrap._gcd_import(name[level:], package, level)
           ^^^^^^^^^^^^^^^^^^^^^^^^^^^^^^^^^^^^^^^^^^^^^^^^^^^^
ModuleNotFoundError: No module named 'myapp.middleware'
[UID:2123][109338] Child process with pid: 128979 was killed by signal: 15, core dumped: no
Traceback (most recent call last):
  File "/home2/techprog/therapypoint/passenger_wsgi.py", line 7, in <module>
    from myproject.wsgi import application
  File "/home2/techprog/therapypoint/myproject/wsgi.py", line 16, in <module>
    application = get_wsgi_application()
                  ^^^^^^^^^^^^^^^^^^^^^^
  File "/home2/techprog/virtualenv/therapypoint/3.12/lib/python3.12/site-packages/django/core/wsgi.py", line 13, in get_wsgi_application
    return WSGIHandler()
           ^^^^^^^^^^^^^
  File "/home2/techprog/virtualenv/therapypoint/3.12/lib/python3.12/site-packages/django/core/handlers/wsgi.py", line 127, in __init__
    self.load_middleware()
  File "/home2/techprog/virtualenv/therapypoint/3.12/lib/python3.12/site-packages/django/core/handlers/base.py", line 40, in load_middleware
    middleware = import_string(middleware_path)
                 ^^^^^^^^^^^^^^^^^^^^^^^^^^^^^^
  File "/home2/techprog/virtualenv/therapypoint/3.12/lib/python3.12/site-packages/django/utils/module_loading.py", line 17, in import_string
    module = import_module(module_path)
             ^^^^^^^^^^^^^^^^^^^^^^^^^^
  File "/opt/alt/python312/lib64/python3.12/importlib/__init__.py", line 90, in import_module
    return _bootstrap._gcd_import(name[level:], package, level)
           ^^^^^^^^^^^^^^^^^^^^^^^^^^^^^^^^^^^^^^^^^^^^^^^^^^^^
ModuleNotFoundError: No module named 'myapp.middleware'
[UID:2123][109338] Child process with pid: 128984 was killed by signal: 15, core dumped: no
Traceback (most recent call last):
  File "/home2/techprog/therapypoint/passenger_wsgi.py", line 7, in <module>
    from myproject.wsgi import application
  File "/home2/techprog/therapypoint/myproject/wsgi.py", line 16, in <module>
    application = get_wsgi_application()
                  ^^^^^^^^^^^^^^^^^^^^^^
  File "/home2/techprog/virtualenv/therapypoint/3.12/lib/python3.12/site-packages/django/core/wsgi.py", line 13, in get_wsgi_application
    return WSGIHandler()
           ^^^^^^^^^^^^^
  File "/home2/techprog/virtualenv/therapypoint/3.12/lib/python3.12/site-packages/django/core/handlers/wsgi.py", line 127, in __init__
    self.load_middleware()
  File "/home2/techprog/virtualenv/therapypoint/3.12/lib/python3.12/site-packages/django/core/handlers/base.py", line 40, in load_middleware
    middleware = import_string(middleware_path)
                 ^^^^^^^^^^^^^^^^^^^^^^^^^^^^^^
  File "/home2/techprog/virtualenv/therapypoint/3.12/lib/python3.12/site-packages/django/utils/module_loading.py", line 17, in import_string
    module = import_module(module_path)
             ^^^^^^^^^^^^^^^^^^^^^^^^^^
  File "/opt/alt/python312/lib64/python3.12/importlib/__init__.py", line 90, in import_module
    return _bootstrap._gcd_import(name[level:], package, level)
           ^^^^^^^^^^^^^^^^^^^^^^^^^^^^^^^^^^^^^^^^^^^^^^^^^^^^
ModuleNotFoundError: No module named 'myapp.middleware'
[UID:2123][109338] Child process with pid: 129002 was killed by signal: 15, core dumped: no
Traceback (most recent call last):
  File "/home2/techprog/therapypoint/passenger_wsgi.py", line 7, in <module>
    from myproject.wsgi import application
  File "/home2/techprog/therapypoint/myproject/wsgi.py", line 16, in <module>
    application = get_wsgi_application()
                  ^^^^^^^^^^^^^^^^^^^^^^
  File "/home2/techprog/virtualenv/therapypoint/3.12/lib/python3.12/site-packages/django/core/wsgi.py", line 13, in get_wsgi_application
    return WSGIHandler()
           ^^^^^^^^^^^^^
  File "/home2/techprog/virtualenv/therapypoint/3.12/lib/python3.12/site-packages/django/core/handlers/wsgi.py", line 127, in __init__
    self.load_middleware()
  File "/home2/techprog/virtualenv/therapypoint/3.12/lib/python3.12/site-packages/django/core/handlers/base.py", line 40, in load_middleware
    middleware = import_string(middleware_path)
                 ^^^^^^^^^^^^^^^^^^^^^^^^^^^^^^
  File "/home2/techprog/virtualenv/therapypoint/3.12/lib/python3.12/site-packages/django/utils/module_loading.py", line 17, in import_string
    module = import_module(module_path)
             ^^^^^^^^^^^^^^^^^^^^^^^^^^
  File "/opt/alt/python312/lib64/python3.12/importlib/__init__.py", line 90, in import_module
    return _bootstrap._gcd_import(name[level:], package, level)
           ^^^^^^^^^^^^^^^^^^^^^^^^^^^^^^^^^^^^^^^^^^^^^^^^^^^^
ModuleNotFoundError: No module named 'myapp.middleware'
[UID:2123][109338] Child process with pid: 129866 was killed by signal: 15, core dumped: no
Traceback (most recent call last):
  File "/home2/techprog/therapypoint/passenger_wsgi.py", line 7, in <module>
    from myproject.wsgi import application
  File "/home2/techprog/therapypoint/myproject/wsgi.py", line 16, in <module>
    application = get_wsgi_application()
                  ^^^^^^^^^^^^^^^^^^^^^^
  File "/home2/techprog/virtualenv/therapypoint/3.12/lib/python3.12/site-packages/django/core/wsgi.py", line 13, in get_wsgi_application
    return WSGIHandler()
           ^^^^^^^^^^^^^
  File "/home2/techprog/virtualenv/therapypoint/3.12/lib/python3.12/site-packages/django/core/handlers/wsgi.py", line 127, in __init__
    self.load_middleware()
  File "/home2/techprog/virtualenv/therapypoint/3.12/lib/python3.12/site-packages/django/core/handlers/base.py", line 40, in load_middleware
    middleware = import_string(middleware_path)
                 ^^^^^^^^^^^^^^^^^^^^^^^^^^^^^^
  File "/home2/techprog/virtualenv/therapypoint/3.12/lib/python3.12/site-packages/django/utils/module_loading.py", line 17, in import_string
    module = import_module(module_path)
             ^^^^^^^^^^^^^^^^^^^^^^^^^^
  File "/opt/alt/python312/lib64/python3.12/importlib/__init__.py", line 90, in import_module
    return _bootstrap._gcd_import(name[level:], package, level)
           ^^^^^^^^^^^^^^^^^^^^^^^^^^^^^^^^^^^^^^^^^^^^^^^^^^^^
ModuleNotFoundError: No module named 'myapp.middleware'
[UID:2123][109338] Child process with pid: 129876 was killed by signal: 15, core dumped: no
Traceback (most recent call last):
  File "/home2/techprog/therapypoint/passenger_wsgi.py", line 7, in <module>
    from myproject.wsgi import application
  File "/home2/techprog/therapypoint/myproject/wsgi.py", line 16, in <module>
    application = get_wsgi_application()
                  ^^^^^^^^^^^^^^^^^^^^^^
  File "/home2/techprog/virtualenv/therapypoint/3.12/lib/python3.12/site-packages/django/core/wsgi.py", line 13, in get_wsgi_application
    return WSGIHandler()
           ^^^^^^^^^^^^^
  File "/home2/techprog/virtualenv/therapypoint/3.12/lib/python3.12/site-packages/django/core/handlers/wsgi.py", line 127, in __init__
    self.load_middleware()
  File "/home2/techprog/virtualenv/therapypoint/3.12/lib/python3.12/site-packages/django/core/handlers/base.py", line 40, in load_middleware
    middleware = import_string(middleware_path)
                 ^^^^^^^^^^^^^^^^^^^^^^^^^^^^^^
  File "/home2/techprog/virtualenv/therapypoint/3.12/lib/python3.12/site-packages/django/utils/module_loading.py", line 17, in import_string
    module = import_module(module_path)
             ^^^^^^^^^^^^^^^^^^^^^^^^^^
  File "/opt/alt/python312/lib64/python3.12/importlib/__init__.py", line 90, in import_module
    return _bootstrap._gcd_import(name[level:], package, level)
           ^^^^^^^^^^^^^^^^^^^^^^^^^^^^^^^^^^^^^^^^^^^^^^^^^^^^
ModuleNotFoundError: No module named 'myapp.middleware'
[UID:2123][109338] Child process with pid: 130090 was killed by signal: 15, core dumped: no
Traceback (most recent call last):
  File "/home2/techprog/therapypoint/passenger_wsgi.py", line 7, in <module>
    from myproject.wsgi import application
  File "/home2/techprog/therapypoint/myproject/wsgi.py", line 16, in <module>
    application = get_wsgi_application()
                  ^^^^^^^^^^^^^^^^^^^^^^
  File "/home2/techprog/virtualenv/therapypoint/3.12/lib/python3.12/site-packages/django/core/wsgi.py", line 13, in get_wsgi_application
    return WSGIHandler()
           ^^^^^^^^^^^^^
  File "/home2/techprog/virtualenv/therapypoint/3.12/lib/python3.12/site-packages/django/core/handlers/wsgi.py", line 127, in __init__
    self.load_middleware()
  File "/home2/techprog/virtualenv/therapypoint/3.12/lib/python3.12/site-packages/django/core/handlers/base.py", line 40, in load_middleware
    middleware = import_string(middleware_path)
                 ^^^^^^^^^^^^^^^^^^^^^^^^^^^^^^
  File "/home2/techprog/virtualenv/therapypoint/3.12/lib/python3.12/site-packages/django/utils/module_loading.py", line 17, in import_string
    module = import_module(module_path)
             ^^^^^^^^^^^^^^^^^^^^^^^^^^
  File "/opt/alt/python312/lib64/python3.12/importlib/__init__.py", line 90, in import_module
    return _bootstrap._gcd_import(name[level:], package, level)
           ^^^^^^^^^^^^^^^^^^^^^^^^^^^^^^^^^^^^^^^^^^^^^^^^^^^^
ModuleNotFoundError: No module named 'myapp.middleware'
[UID:2123][109338] Child process with pid: 130102 was killed by signal: 15, core dumped: no
/home2/techprog/virtualenv/therapypoint/3.12/lib/python3.12/site-packages/django_q/conf.py:8: UserWarning: pkg_resources is deprecated as an API. See https://setuptools.pypa.io/en/latest/pkg_resources.html. The pkg_resources package is slated for removal as early as 2025-11-30. Refrain from using this package or pin to Setuptools<81.
  import pkg_resources
Traceback (most recent call last):
  File "/home2/techprog/therapypoint/passenger_wsgi.py", line 7, in <module>
    from myproject.wsgi import application
  File "/home2/techprog/therapypoint/myproject/wsgi.py", line 16, in <module>
    application = get_wsgi_application()
                  ^^^^^^^^^^^^^^^^^^^^^^
  File "/home2/techprog/virtualenv/therapypoint/3.12/lib/python3.12/site-packages/django/core/wsgi.py", line 13, in get_wsgi_application
    return WSGIHandler()
           ^^^^^^^^^^^^^
  File "/home2/techprog/virtualenv/therapypoint/3.12/lib/python3.12/site-packages/django/core/handlers/wsgi.py", line 127, in __init__
    self.load_middleware()
  File "/home2/techprog/virtualenv/therapypoint/3.12/lib/python3.12/site-packages/django/core/handlers/base.py", line 40, in load_middleware
    middleware = import_string(middleware_path)
                 ^^^^^^^^^^^^^^^^^^^^^^^^^^^^^^
  File "/home2/techprog/virtualenv/therapypoint/3.12/lib/python3.12/site-packages/django/utils/module_loading.py", line 17, in import_string
    module = import_module(module_path)
             ^^^^^^^^^^^^^^^^^^^^^^^^^^
  File "/opt/alt/python312/lib64/python3.12/importlib/__init__.py", line 90, in import_module
    return _bootstrap._gcd_import(name[level:], package, level)
           ^^^^^^^^^^^^^^^^^^^^^^^^^^^^^^^^^^^^^^^^^^^^^^^^^^^^
ModuleNotFoundError: No module named 'myapp.middleware'
Traceback (most recent call last):
  File "/home2/techprog/therapypoint/passenger_wsgi.py", line 7, in <module>
    from myproject.wsgi import application
  File "/home2/techprog/therapypoint/myproject/wsgi.py", line 16, in <module>
    application = get_wsgi_application()
                  ^^^^^^^^^^^^^^^^^^^^^^
  File "/home2/techprog/virtualenv/therapypoint/3.12/lib/python3.12/site-packages/django/core/wsgi.py", line 13, in get_wsgi_application
    return WSGIHandler()
           ^^^^^^^^^^^^^
  File "/home2/techprog/virtualenv/therapypoint/3.12/lib/python3.12/site-packages/django/core/handlers/wsgi.py", line 127, in __init__
    self.load_middleware()
  File "/home2/techprog/virtualenv/therapypoint/3.12/lib/python3.12/site-packages/django/core/handlers/base.py", line 40, in load_middleware
    middleware = import_string(middleware_path)
                 ^^^^^^^^^^^^^^^^^^^^^^^^^^^^^^
  File "/home2/techprog/virtualenv/therapypoint/3.12/lib/python3.12/site-packages/django/utils/module_loading.py", line 17, in import_string
    module = import_module(module_path)
             ^^^^^^^^^^^^^^^^^^^^^^^^^^
  File "/opt/alt/python312/lib64/python3.12/importlib/__init__.py", line 90, in import_module
    return _bootstrap._gcd_import(name[level:], package, level)
           ^^^^^^^^^^^^^^^^^^^^^^^^^^^^^^^^^^^^^^^^^^^^^^^^^^^^
ModuleNotFoundError: No module named 'myapp.middleware'
[UID:2123][132917] Child process with pid: 133014 was killed by signal: 15, core dumped: no
/home2/techprog/virtualenv/therapypoint/3.12/lib/python3.12/site-packages/django_q/conf.py:8: UserWarning: pkg_resources is deprecated as an API. See https://setuptools.pypa.io/en/latest/pkg_resources.html. The pkg_resources package is slated for removal as early as 2025-11-30. Refrain from using this package or pin to Setuptools<81.
  import pkg_resources
Traceback (most recent call last):
  File "/home2/techprog/therapypoint/passenger_wsgi.py", line 7, in <module>
    from myproject.wsgi import application
  File "/home2/techprog/therapypoint/myproject/wsgi.py", line 16, in <module>
    application = get_wsgi_application()
                  ^^^^^^^^^^^^^^^^^^^^^^
  File "/home2/techprog/virtualenv/therapypoint/3.12/lib/python3.12/site-packages/django/core/wsgi.py", line 13, in get_wsgi_application
    return WSGIHandler()
           ^^^^^^^^^^^^^
  File "/home2/techprog/virtualenv/therapypoint/3.12/lib/python3.12/site-packages/django/core/handlers/wsgi.py", line 127, in __init__
    self.load_middleware()
  File "/home2/techprog/virtualenv/therapypoint/3.12/lib/python3.12/site-packages/django/core/handlers/base.py", line 40, in load_middleware
    middleware = import_string(middleware_path)
                 ^^^^^^^^^^^^^^^^^^^^^^^^^^^^^^
  File "/home2/techprog/virtualenv/therapypoint/3.12/lib/python3.12/site-packages/django/utils/module_loading.py", line 17, in import_string
    module = import_module(module_path)
             ^^^^^^^^^^^^^^^^^^^^^^^^^^
  File "/opt/alt/python312/lib64/python3.12/importlib/__init__.py", line 90, in import_module
    return _bootstrap._gcd_import(name[level:], package, level)
           ^^^^^^^^^^^^^^^^^^^^^^^^^^^^^^^^^^^^^^^^^^^^^^^^^^^^
ModuleNotFoundError: No module named 'myapp.middleware'
Traceback (most recent call last):
  File "/home2/techprog/therapypoint/passenger_wsgi.py", line 7, in <module>
    from myproject.wsgi import application
  File "/home2/techprog/therapypoint/myproject/wsgi.py", line 16, in <module>
    application = get_wsgi_application()
                  ^^^^^^^^^^^^^^^^^^^^^^
  File "/home2/techprog/virtualenv/therapypoint/3.12/lib/python3.12/site-packages/django/core/wsgi.py", line 13, in get_wsgi_application
    return WSGIHandler()
           ^^^^^^^^^^^^^
  File "/home2/techprog/virtualenv/therapypoint/3.12/lib/python3.12/site-packages/django/core/handlers/wsgi.py", line 127, in __init__
    self.load_middleware()
  File "/home2/techprog/virtualenv/therapypoint/3.12/lib/python3.12/site-packages/django/core/handlers/base.py", line 40, in load_middleware
    middleware = import_string(middleware_path)
                 ^^^^^^^^^^^^^^^^^^^^^^^^^^^^^^
  File "/home2/techprog/virtualenv/therapypoint/3.12/lib/python3.12/site-packages/django/utils/module_loading.py", line 17, in import_string
    module = import_module(module_path)
             ^^^^^^^^^^^^^^^^^^^^^^^^^^
  File "/opt/alt/python312/lib64/python3.12/importlib/__init__.py", line 90, in import_module
    return _bootstrap._gcd_import(name[level:], package, level)
           ^^^^^^^^^^^^^^^^^^^^^^^^^^^^^^^^^^^^^^^^^^^^^^^^^^^^
ModuleNotFoundError: No module named 'myapp.middleware'
[UID:2123][133023] Child process with pid: 133138 was killed by signal: 15, core dumped: no
Traceback (most recent call last):
  File "/home2/techprog/therapypoint/passenger_wsgi.py", line 7, in <module>
    from myproject.wsgi import application
  File "/home2/techprog/therapypoint/myproject/wsgi.py", line 16, in <module>
    application = get_wsgi_application()
                  ^^^^^^^^^^^^^^^^^^^^^^
  File "/home2/techprog/virtualenv/therapypoint/3.12/lib/python3.12/site-packages/django/core/wsgi.py", line 13, in get_wsgi_application
    return WSGIHandler()
           ^^^^^^^^^^^^^
  File "/home2/techprog/virtualenv/therapypoint/3.12/lib/python3.12/site-packages/django/core/handlers/wsgi.py", line 127, in __init__
    self.load_middleware()
  File "/home2/techprog/virtualenv/therapypoint/3.12/lib/python3.12/site-packages/django/core/handlers/base.py", line 40, in load_middleware
    middleware = import_string(middleware_path)
                 ^^^^^^^^^^^^^^^^^^^^^^^^^^^^^^
  File "/home2/techprog/virtualenv/therapypoint/3.12/lib/python3.12/site-packages/django/utils/module_loading.py", line 17, in import_string
    module = import_module(module_path)
             ^^^^^^^^^^^^^^^^^^^^^^^^^^
  File "/opt/alt/python312/lib64/python3.12/importlib/__init__.py", line 90, in import_module
    return _bootstrap._gcd_import(name[level:], package, level)
           ^^^^^^^^^^^^^^^^^^^^^^^^^^^^^^^^^^^^^^^^^^^^^^^^^^^^
ModuleNotFoundError: No module named 'myapp.middleware'
[UID:2123][133023] Child process with pid: 133212 was killed by signal: 15, core dumped: no
Traceback (most recent call last):
  File "/home2/techprog/therapypoint/passenger_wsgi.py", line 7, in <module>
    from myproject.wsgi import application
  File "/home2/techprog/therapypoint/myproject/wsgi.py", line 16, in <module>
    application = get_wsgi_application()
                  ^^^^^^^^^^^^^^^^^^^^^^
  File "/home2/techprog/virtualenv/therapypoint/3.12/lib/python3.12/site-packages/django/core/wsgi.py", line 13, in get_wsgi_application
    return WSGIHandler()
           ^^^^^^^^^^^^^
  File "/home2/techprog/virtualenv/therapypoint/3.12/lib/python3.12/site-packages/django/core/handlers/wsgi.py", line 127, in __init__
    self.load_middleware()
  File "/home2/techprog/virtualenv/therapypoint/3.12/lib/python3.12/site-packages/django/core/handlers/base.py", line 40, in load_middleware
    middleware = import_string(middleware_path)
                 ^^^^^^^^^^^^^^^^^^^^^^^^^^^^^^
  File "/home2/techprog/virtualenv/therapypoint/3.12/lib/python3.12/site-packages/django/utils/module_loading.py", line 17, in import_string
    module = import_module(module_path)
             ^^^^^^^^^^^^^^^^^^^^^^^^^^
  File "/opt/alt/python312/lib64/python3.12/importlib/__init__.py", line 90, in import_module
    return _bootstrap._gcd_import(name[level:], package, level)
           ^^^^^^^^^^^^^^^^^^^^^^^^^^^^^^^^^^^^^^^^^^^^^^^^^^^^
ModuleNotFoundError: No module named 'myapp.middleware'
[UID:2123][133023] Child process with pid: 133237 was killed by signal: 15, core dumped: no
Traceback (most recent call last):
  File "/home2/techprog/therapypoint/passenger_wsgi.py", line 7, in <module>
    from myproject.wsgi import application
  File "/home2/techprog/therapypoint/myproject/wsgi.py", line 16, in <module>
    application = get_wsgi_application()
                  ^^^^^^^^^^^^^^^^^^^^^^
  File "/home2/techprog/virtualenv/therapypoint/3.12/lib/python3.12/site-packages/django/core/wsgi.py", line 13, in get_wsgi_application
    return WSGIHandler()
           ^^^^^^^^^^^^^
  File "/home2/techprog/virtualenv/therapypoint/3.12/lib/python3.12/site-packages/django/core/handlers/wsgi.py", line 127, in __init__
    self.load_middleware()
  File "/home2/techprog/virtualenv/therapypoint/3.12/lib/python3.12/site-packages/django/core/handlers/base.py", line 40, in load_middleware
    middleware = import_string(middleware_path)
                 ^^^^^^^^^^^^^^^^^^^^^^^^^^^^^^
  File "/home2/techprog/virtualenv/therapypoint/3.12/lib/python3.12/site-packages/django/utils/module_loading.py", line 17, in import_string
    module = import_module(module_path)
             ^^^^^^^^^^^^^^^^^^^^^^^^^^
  File "/opt/alt/python312/lib64/python3.12/importlib/__init__.py", line 90, in import_module
    return _bootstrap._gcd_import(name[level:], package, level)
           ^^^^^^^^^^^^^^^^^^^^^^^^^^^^^^^^^^^^^^^^^^^^^^^^^^^^
ModuleNotFoundError: No module named 'myapp.middleware'
[UID:2123][133023] Child process with pid: 133714 was killed by signal: 15, core dumped: no
Traceback (most recent call last):
  File "/home2/techprog/therapypoint/passenger_wsgi.py", line 7, in <module>
    from myproject.wsgi import application
  File "/home2/techprog/therapypoint/myproject/wsgi.py", line 16, in <module>
    application = get_wsgi_application()
                  ^^^^^^^^^^^^^^^^^^^^^^
  File "/home2/techprog/virtualenv/therapypoint/3.12/lib/python3.12/site-packages/django/core/wsgi.py", line 13, in get_wsgi_application
    return WSGIHandler()
           ^^^^^^^^^^^^^
  File "/home2/techprog/virtualenv/therapypoint/3.12/lib/python3.12/site-packages/django/core/handlers/wsgi.py", line 127, in __init__
    self.load_middleware()
  File "/home2/techprog/virtualenv/therapypoint/3.12/lib/python3.12/site-packages/django/core/handlers/base.py", line 40, in load_middleware
    middleware = import_string(middleware_path)
                 ^^^^^^^^^^^^^^^^^^^^^^^^^^^^^^
  File "/home2/techprog/virtualenv/therapypoint/3.12/lib/python3.12/site-packages/django/utils/module_loading.py", line 17, in import_string
    module = import_module(module_path)
             ^^^^^^^^^^^^^^^^^^^^^^^^^^
  File "/opt/alt/python312/lib64/python3.12/importlib/__init__.py", line 90, in import_module
    return _bootstrap._gcd_import(name[level:], package, level)
           ^^^^^^^^^^^^^^^^^^^^^^^^^^^^^^^^^^^^^^^^^^^^^^^^^^^^
ModuleNotFoundError: No module named 'myapp.middleware'
[UID:2123][133023] Child process with pid: 133737 was killed by signal: 15, core dumped: no
Traceback (most recent call last):
  File "/home2/techprog/therapypoint/passenger_wsgi.py", line 7, in <module>
    from myproject.wsgi import application
  File "/home2/techprog/therapypoint/myproject/wsgi.py", line 16, in <module>
    application = get_wsgi_application()
                  ^^^^^^^^^^^^^^^^^^^^^^
  File "/home2/techprog/virtualenv/therapypoint/3.12/lib/python3.12/site-packages/django/core/wsgi.py", line 13, in get_wsgi_application
    return WSGIHandler()
           ^^^^^^^^^^^^^
  File "/home2/techprog/virtualenv/therapypoint/3.12/lib/python3.12/site-packages/django/core/handlers/wsgi.py", line 127, in __init__
    self.load_middleware()
  File "/home2/techprog/virtualenv/therapypoint/3.12/lib/python3.12/site-packages/django/core/handlers/base.py", line 40, in load_middleware
    middleware = import_string(middleware_path)
                 ^^^^^^^^^^^^^^^^^^^^^^^^^^^^^^
  File "/home2/techprog/virtualenv/therapypoint/3.12/lib/python3.12/site-packages/django/utils/module_loading.py", line 17, in import_string
    module = import_module(module_path)
             ^^^^^^^^^^^^^^^^^^^^^^^^^^
  File "/opt/alt/python312/lib64/python3.12/importlib/__init__.py", line 90, in import_module
    return _bootstrap._gcd_import(name[level:], package, level)
           ^^^^^^^^^^^^^^^^^^^^^^^^^^^^^^^^^^^^^^^^^^^^^^^^^^^^
ModuleNotFoundError: No module named 'myapp.middleware'
[UID:2123][133023] Child process with pid: 133810 was killed by signal: 15, core dumped: no
Traceback (most recent call last):
  File "/home2/techprog/therapypoint/passenger_wsgi.py", line 7, in <module>
    from myproject.wsgi import application
  File "/home2/techprog/therapypoint/myproject/wsgi.py", line 16, in <module>
    application = get_wsgi_application()
                  ^^^^^^^^^^^^^^^^^^^^^^
  File "/home2/techprog/virtualenv/therapypoint/3.12/lib/python3.12/site-packages/django/core/wsgi.py", line 13, in get_wsgi_application
    return WSGIHandler()
           ^^^^^^^^^^^^^
  File "/home2/techprog/virtualenv/therapypoint/3.12/lib/python3.12/site-packages/django/core/handlers/wsgi.py", line 127, in __init__
    self.load_middleware()
  File "/home2/techprog/virtualenv/therapypoint/3.12/lib/python3.12/site-packages/django/core/handlers/base.py", line 40, in load_middleware
    middleware = import_string(middleware_path)
                 ^^^^^^^^^^^^^^^^^^^^^^^^^^^^^^
  File "/home2/techprog/virtualenv/therapypoint/3.12/lib/python3.12/site-packages/django/utils/module_loading.py", line 17, in import_string
    module = import_module(module_path)
             ^^^^^^^^^^^^^^^^^^^^^^^^^^
  File "/opt/alt/python312/lib64/python3.12/importlib/__init__.py", line 90, in import_module
    return _bootstrap._gcd_import(name[level:], package, level)
           ^^^^^^^^^^^^^^^^^^^^^^^^^^^^^^^^^^^^^^^^^^^^^^^^^^^^
ModuleNotFoundError: No module named 'myapp.middleware'
[UID:2123][133023] Child process with pid: 133822 was killed by signal: 15, core dumped: no
Traceback (most recent call last):
  File "/home2/techprog/therapypoint/passenger_wsgi.py", line 7, in <module>
    from myproject.wsgi import application
  File "/home2/techprog/therapypoint/myproject/wsgi.py", line 16, in <module>
    application = get_wsgi_application()
                  ^^^^^^^^^^^^^^^^^^^^^^
  File "/home2/techprog/virtualenv/therapypoint/3.12/lib/python3.12/site-packages/django/core/wsgi.py", line 13, in get_wsgi_application
    return WSGIHandler()
           ^^^^^^^^^^^^^
  File "/home2/techprog/virtualenv/therapypoint/3.12/lib/python3.12/site-packages/django/core/handlers/wsgi.py", line 127, in __init__
    self.load_middleware()
  File "/home2/techprog/virtualenv/therapypoint/3.12/lib/python3.12/site-packages/django/core/handlers/base.py", line 40, in load_middleware
    middleware = import_string(middleware_path)
                 ^^^^^^^^^^^^^^^^^^^^^^^^^^^^^^
  File "/home2/techprog/virtualenv/therapypoint/3.12/lib/python3.12/site-packages/django/utils/module_loading.py", line 17, in import_string
    module = import_module(module_path)
             ^^^^^^^^^^^^^^^^^^^^^^^^^^
  File "/opt/alt/python312/lib64/python3.12/importlib/__init__.py", line 90, in import_module
    return _bootstrap._gcd_import(name[level:], package, level)
           ^^^^^^^^^^^^^^^^^^^^^^^^^^^^^^^^^^^^^^^^^^^^^^^^^^^^
ModuleNotFoundError: No module named 'myapp.middleware'
[UID:2123][133023] Child process with pid: 133839 was killed by signal: 15, core dumped: no
Traceback (most recent call last):
  File "/home2/techprog/therapypoint/passenger_wsgi.py", line 7, in <module>
    from myproject.wsgi import application
  File "/home2/techprog/therapypoint/myproject/wsgi.py", line 16, in <module>
    application = get_wsgi_application()
                  ^^^^^^^^^^^^^^^^^^^^^^
  File "/home2/techprog/virtualenv/therapypoint/3.12/lib/python3.12/site-packages/django/core/wsgi.py", line 13, in get_wsgi_application
    return WSGIHandler()
           ^^^^^^^^^^^^^
  File "/home2/techprog/virtualenv/therapypoint/3.12/lib/python3.12/site-packages/django/core/handlers/wsgi.py", line 127, in __init__
    self.load_middleware()
  File "/home2/techprog/virtualenv/therapypoint/3.12/lib/python3.12/site-packages/django/core/handlers/base.py", line 40, in load_middleware
    middleware = import_string(middleware_path)
                 ^^^^^^^^^^^^^^^^^^^^^^^^^^^^^^
  File "/home2/techprog/virtualenv/therapypoint/3.12/lib/python3.12/site-packages/django/utils/module_loading.py", line 17, in import_string
    module = import_module(module_path)
             ^^^^^^^^^^^^^^^^^^^^^^^^^^
  File "/opt/alt/python312/lib64/python3.12/importlib/__init__.py", line 90, in import_module
    return _bootstrap._gcd_import(name[level:], package, level)
           ^^^^^^^^^^^^^^^^^^^^^^^^^^^^^^^^^^^^^^^^^^^^^^^^^^^^
ModuleNotFoundError: No module named 'myapp.middleware'
[UID:2123][133023] Child process with pid: 133886 was killed by signal: 15, core dumped: no
Traceback (most recent call last):
  File "/home2/techprog/therapypoint/passenger_wsgi.py", line 7, in <module>
    from myproject.wsgi import application
  File "/home2/techprog/therapypoint/myproject/wsgi.py", line 16, in <module>
    application = get_wsgi_application()
                  ^^^^^^^^^^^^^^^^^^^^^^
  File "/home2/techprog/virtualenv/therapypoint/3.12/lib/python3.12/site-packages/django/core/wsgi.py", line 13, in get_wsgi_application
    return WSGIHandler()
           ^^^^^^^^^^^^^
  File "/home2/techprog/virtualenv/therapypoint/3.12/lib/python3.12/site-packages/django/core/handlers/wsgi.py", line 127, in __init__
    self.load_middleware()
  File "/home2/techprog/virtualenv/therapypoint/3.12/lib/python3.12/site-packages/django/core/handlers/base.py", line 40, in load_middleware
    middleware = import_string(middleware_path)
                 ^^^^^^^^^^^^^^^^^^^^^^^^^^^^^^
  File "/home2/techprog/virtualenv/therapypoint/3.12/lib/python3.12/site-packages/django/utils/module_loading.py", line 17, in import_string
    module = import_module(module_path)
             ^^^^^^^^^^^^^^^^^^^^^^^^^^
  File "/opt/alt/python312/lib64/python3.12/importlib/__init__.py", line 90, in import_module
    return _bootstrap._gcd_import(name[level:], package, level)
           ^^^^^^^^^^^^^^^^^^^^^^^^^^^^^^^^^^^^^^^^^^^^^^^^^^^^
ModuleNotFoundError: No module named 'myapp.middleware'
[UID:2123][133023] Child process with pid: 133906 was killed by signal: 15, core dumped: no
Traceback (most recent call last):
  File "/home2/techprog/therapypoint/passenger_wsgi.py", line 7, in <module>
    from myproject.wsgi import application
  File "/home2/techprog/therapypoint/myproject/wsgi.py", line 16, in <module>
    application = get_wsgi_application()
                  ^^^^^^^^^^^^^^^^^^^^^^
  File "/home2/techprog/virtualenv/therapypoint/3.12/lib/python3.12/site-packages/django/core/wsgi.py", line 13, in get_wsgi_application
    return WSGIHandler()
           ^^^^^^^^^^^^^
  File "/home2/techprog/virtualenv/therapypoint/3.12/lib/python3.12/site-packages/django/core/handlers/wsgi.py", line 127, in __init__
    self.load_middleware()
  File "/home2/techprog/virtualenv/therapypoint/3.12/lib/python3.12/site-packages/django/core/handlers/base.py", line 40, in load_middleware
    middleware = import_string(middleware_path)
                 ^^^^^^^^^^^^^^^^^^^^^^^^^^^^^^
  File "/home2/techprog/virtualenv/therapypoint/3.12/lib/python3.12/site-packages/django/utils/module_loading.py", line 17, in import_string
    module = import_module(module_path)
             ^^^^^^^^^^^^^^^^^^^^^^^^^^
  File "/opt/alt/python312/lib64/python3.12/importlib/__init__.py", line 90, in import_module
    return _bootstrap._gcd_import(name[level:], package, level)
           ^^^^^^^^^^^^^^^^^^^^^^^^^^^^^^^^^^^^^^^^^^^^^^^^^^^^
ModuleNotFoundError: No module named 'myapp.middleware'
[UID:2123][133023] Child process with pid: 133931 was killed by signal: 15, core dumped: no
Traceback (most recent call last):
  File "/home2/techprog/therapypoint/passenger_wsgi.py", line 7, in <module>
    from myproject.wsgi import application
  File "/home2/techprog/therapypoint/myproject/wsgi.py", line 16, in <module>
    application = get_wsgi_application()
                  ^^^^^^^^^^^^^^^^^^^^^^
  File "/home2/techprog/virtualenv/therapypoint/3.12/lib/python3.12/site-packages/django/core/wsgi.py", line 13, in get_wsgi_application
    return WSGIHandler()
           ^^^^^^^^^^^^^
  File "/home2/techprog/virtualenv/therapypoint/3.12/lib/python3.12/site-packages/django/core/handlers/wsgi.py", line 127, in __init__
    self.load_middleware()
  File "/home2/techprog/virtualenv/therapypoint/3.12/lib/python3.12/site-packages/django/core/handlers/base.py", line 40, in load_middleware
    middleware = import_string(middleware_path)
                 ^^^^^^^^^^^^^^^^^^^^^^^^^^^^^^
  File "/home2/techprog/virtualenv/therapypoint/3.12/lib/python3.12/site-packages/django/utils/module_loading.py", line 17, in import_string
    module = import_module(module_path)
             ^^^^^^^^^^^^^^^^^^^^^^^^^^
  File "/opt/alt/python312/lib64/python3.12/importlib/__init__.py", line 90, in import_module
    return _bootstrap._gcd_import(name[level:], package, level)
           ^^^^^^^^^^^^^^^^^^^^^^^^^^^^^^^^^^^^^^^^^^^^^^^^^^^^
ModuleNotFoundError: No module named 'myapp.middleware'
Traceback (most recent call last):
  File "/home2/techprog/therapypoint/passenger_wsgi.py", line 7, in <module>
    from myproject.wsgi import application
  File "/home2/techprog/therapypoint/myproject/wsgi.py", line 16, in <module>
    application = get_wsgi_application()
                  ^^^^^^^^^^^^^^^^^^^^^^
  File "/home2/techprog/virtualenv/therapypoint/3.12/lib/python3.12/site-packages/django/core/wsgi.py", line 13, in get_wsgi_application
[UID:2123][133023] Child process with pid: 133942 was killed by signal: 15, core dumped: no
    return WSGIHandler()
           ^^^^^^^^^^^^^
  File "/home2/techprog/virtualenv/therapypoint/3.12/lib/python3.12/site-packages/django/core/handlers/wsgi.py", line 127, in __init__
    self.load_middleware()
  File "/home2/techprog/virtualenv/therapypoint/3.12/lib/python3.12/site-packages/django/core/handlers/base.py", line 40, in load_middleware
    middleware = import_string(middleware_path)
                 ^^^^^^^^^^^^^^^^^^^^^^^^^^^^^^
  File "/home2/techprog/virtualenv/therapypoint/3.12/lib/python3.12/site-packages/django/utils/module_loading.py", line 17, in import_string
    module = import_module(module_path)
             ^^^^^^^^^^^^^^^^^^^^^^^^^^
  File "/opt/alt/python312/lib64/python3.12/importlib/__init__.py", line 90, in import_module
    return _bootstrap._gcd_import(name[level:], package, level)
           ^^^^^^^^^^^^^^^^^^^^^^^^^^^^^^^^^^^^^^^^^^^^^^^^^^^^
ModuleNotFoundError: No module named 'myapp.middleware'
[UID:2123][133023] Child process with pid: 133943 was killed by signal: 15, core dumped: no
Traceback (most recent call last):
  File "/home2/techprog/therapypoint/passenger_wsgi.py", line 7, in <module>
    from myproject.wsgi import application
  File "/home2/techprog/therapypoint/myproject/wsgi.py", line 16, in <module>
    application = get_wsgi_application()
                  ^^^^^^^^^^^^^^^^^^^^^^
  File "/home2/techprog/virtualenv/therapypoint/3.12/lib/python3.12/site-packages/django/core/wsgi.py", line 13, in get_wsgi_application
    return WSGIHandler()
           ^^^^^^^^^^^^^
  File "/home2/techprog/virtualenv/therapypoint/3.12/lib/python3.12/site-packages/django/core/handlers/wsgi.py", line 127, in __init__
    self.load_middleware()
  File "/home2/techprog/virtualenv/therapypoint/3.12/lib/python3.12/site-packages/django/core/handlers/base.py", line 40, in load_middleware
    middleware = import_string(middleware_path)
                 ^^^^^^^^^^^^^^^^^^^^^^^^^^^^^^
  File "/home2/techprog/virtualenv/therapypoint/3.12/lib/python3.12/site-packages/django/utils/module_loading.py", line 17, in import_string
    module = import_module(module_path)
             ^^^^^^^^^^^^^^^^^^^^^^^^^^
  File "/opt/alt/python312/lib64/python3.12/importlib/__init__.py", line 90, in import_module
    return _bootstrap._gcd_import(name[level:], package, level)
           ^^^^^^^^^^^^^^^^^^^^^^^^^^^^^^^^^^^^^^^^^^^^^^^^^^^^
ModuleNotFoundError: No module named 'myapp.middleware'
[UID:2123][133023] Child process with pid: 133957 was killed by signal: 15, core dumped: no
Traceback (most recent call last):
  File "/home2/techprog/therapypoint/passenger_wsgi.py", line 7, in <module>
    from myproject.wsgi import application
  File "/home2/techprog/therapypoint/myproject/wsgi.py", line 16, in <module>
    application = get_wsgi_application()
                  ^^^^^^^^^^^^^^^^^^^^^^
  File "/home2/techprog/virtualenv/therapypoint/3.12/lib/python3.12/site-packages/django/core/wsgi.py", line 13, in get_wsgi_application
    return WSGIHandler()
           ^^^^^^^^^^^^^
  File "/home2/techprog/virtualenv/therapypoint/3.12/lib/python3.12/site-packages/django/core/handlers/wsgi.py", line 127, in __init__
    self.load_middleware()
  File "/home2/techprog/virtualenv/therapypoint/3.12/lib/python3.12/site-packages/django/core/handlers/base.py", line 40, in load_middleware
    middleware = import_string(middleware_path)
                 ^^^^^^^^^^^^^^^^^^^^^^^^^^^^^^
  File "/home2/techprog/virtualenv/therapypoint/3.12/lib/python3.12/site-packages/django/utils/module_loading.py", line 17, in import_string
    module = import_module(module_path)
             ^^^^^^^^^^^^^^^^^^^^^^^^^^
  File "/opt/alt/python312/lib64/python3.12/importlib/__init__.py", line 90, in import_module
    return _bootstrap._gcd_import(name[level:], package, level)
           ^^^^^^^^^^^^^^^^^^^^^^^^^^^^^^^^^^^^^^^^^^^^^^^^^^^^
ModuleNotFoundError: No module named 'myapp.middleware'
[UID:2123][133023] Child process with pid: 133958 was killed by signal: 15, core dumped: no
Traceback (most recent call last):
  File "/home2/techprog/therapypoint/passenger_wsgi.py", line 7, in <module>
    from myproject.wsgi import application
  File "/home2/techprog/therapypoint/myproject/wsgi.py", line 16, in <module>
    application = get_wsgi_application()
                  ^^^^^^^^^^^^^^^^^^^^^^
  File "/home2/techprog/virtualenv/therapypoint/3.12/lib/python3.12/site-packages/django/core/wsgi.py", line 13, in get_wsgi_application
    return WSGIHandler()
           ^^^^^^^^^^^^^
  File "/home2/techprog/virtualenv/therapypoint/3.12/lib/python3.12/site-packages/django/core/handlers/wsgi.py", line 127, in __init__
    self.load_middleware()
  File "/home2/techprog/virtualenv/therapypoint/3.12/lib/python3.12/site-packages/django/core/handlers/base.py", line 40, in load_middleware
    middleware = import_string(middleware_path)
                 ^^^^^^^^^^^^^^^^^^^^^^^^^^^^^^
  File "/home2/techprog/virtualenv/therapypoint/3.12/lib/python3.12/site-packages/django/utils/module_loading.py", line 17, in import_string
    module = import_module(module_path)
             ^^^^^^^^^^^^^^^^^^^^^^^^^^
  File "/opt/alt/python312/lib64/python3.12/importlib/__init__.py", line 90, in import_module
    return _bootstrap._gcd_import(name[level:], package, level)
           ^^^^^^^^^^^^^^^^^^^^^^^^^^^^^^^^^^^^^^^^^^^^^^^^^^^^
ModuleNotFoundError: No module named 'myapp.middleware'
[UID:2123][133023] Child process with pid: 133981 was killed by signal: 15, core dumped: no
Traceback (most recent call last):
  File "/home2/techprog/therapypoint/passenger_wsgi.py", line 7, in <module>
    from myproject.wsgi import application
  File "/home2/techprog/therapypoint/myproject/wsgi.py", line 16, in <module>
    application = get_wsgi_application()
                  ^^^^^^^^^^^^^^^^^^^^^^
  File "/home2/techprog/virtualenv/therapypoint/3.12/lib/python3.12/site-packages/django/core/wsgi.py", line 13, in get_wsgi_application
    return WSGIHandler()
           ^^^^^^^^^^^^^
  File "/home2/techprog/virtualenv/therapypoint/3.12/lib/python3.12/site-packages/django/core/handlers/wsgi.py", line 127, in __init__
    self.load_middleware()
  File "/home2/techprog/virtualenv/therapypoint/3.12/lib/python3.12/site-packages/django/core/handlers/base.py", line 40, in load_middleware
    middleware = import_string(middleware_path)
                 ^^^^^^^^^^^^^^^^^^^^^^^^^^^^^^
  File "/home2/techprog/virtualenv/therapypoint/3.12/lib/python3.12/site-packages/django/utils/module_loading.py", line 17, in import_string
    module = import_module(module_path)
             ^^^^^^^^^^^^^^^^^^^^^^^^^^
  File "/opt/alt/python312/lib64/python3.12/importlib/__init__.py", line 90, in import_module
    return _bootstrap._gcd_import(name[level:], package, level)
           ^^^^^^^^^^^^^^^^^^^^^^^^^^^^^^^^^^^^^^^^^^^^^^^^^^^^
ModuleNotFoundError: No module named 'myapp.middleware'
[UID:2123][133023] Child process with pid: 133984 was killed by signal: 15, core dumped: no
Traceback (most recent call last):
  File "/home2/techprog/therapypoint/passenger_wsgi.py", line 7, in <module>
    from myproject.wsgi import application
  File "/home2/techprog/therapypoint/myproject/wsgi.py", line 16, in <module>
    application = get_wsgi_application()
                  ^^^^^^^^^^^^^^^^^^^^^^
  File "/home2/techprog/virtualenv/therapypoint/3.12/lib/python3.12/site-packages/django/core/wsgi.py", line 13, in get_wsgi_application
    return WSGIHandler()
           ^^^^^^^^^^^^^
  File "/home2/techprog/virtualenv/therapypoint/3.12/lib/python3.12/site-packages/django/core/handlers/wsgi.py", line 127, in __init__
    self.load_middleware()
  File "/home2/techprog/virtualenv/therapypoint/3.12/lib/python3.12/site-packages/django/core/handlers/base.py", line 40, in load_middleware
    middleware = import_string(middleware_path)
                 ^^^^^^^^^^^^^^^^^^^^^^^^^^^^^^
  File "/home2/techprog/virtualenv/therapypoint/3.12/lib/python3.12/site-packages/django/utils/module_loading.py", line 17, in import_string
    module = import_module(module_path)
             ^^^^^^^^^^^^^^^^^^^^^^^^^^
  File "/opt/alt/python312/lib64/python3.12/importlib/__init__.py", line 90, in import_module
    return _bootstrap._gcd_import(name[level:], package, level)
           ^^^^^^^^^^^^^^^^^^^^^^^^^^^^^^^^^^^^^^^^^^^^^^^^^^^^
ModuleNotFoundError: No module named 'myapp.middleware'
[UID:2123][133023] Child process with pid: 134005 was killed by signal: 15, core dumped: no
Traceback (most recent call last):
  File "/home2/techprog/therapypoint/passenger_wsgi.py", line 7, in <module>
    from myproject.wsgi import application
  File "/home2/techprog/therapypoint/myproject/wsgi.py", line 16, in <module>
    application = get_wsgi_application()
                  ^^^^^^^^^^^^^^^^^^^^^^
  File "/home2/techprog/virtualenv/therapypoint/3.12/lib/python3.12/site-packages/django/core/wsgi.py", line 13, in get_wsgi_application
    return WSGIHandler()
           ^^^^^^^^^^^^^
  File "/home2/techprog/virtualenv/therapypoint/3.12/lib/python3.12/site-packages/django/core/handlers/wsgi.py", line 127, in __init__
    self.load_middleware()
  File "/home2/techprog/virtualenv/therapypoint/3.12/lib/python3.12/site-packages/django/core/handlers/base.py", line 40, in load_middleware
    middleware = import_string(middleware_path)
                 ^^^^^^^^^^^^^^^^^^^^^^^^^^^^^^
  File "/home2/techprog/virtualenv/therapypoint/3.12/lib/python3.12/site-packages/django/utils/module_loading.py", line 17, in import_string
    module = import_module(module_path)
             ^^^^^^^^^^^^^^^^^^^^^^^^^^
  File "/opt/alt/python312/lib64/python3.12/importlib/__init__.py", line 90, in import_module
    return _bootstrap._gcd_import(name[level:], package, level)
           ^^^^^^^^^^^^^^^^^^^^^^^^^^^^^^^^^^^^^^^^^^^^^^^^^^^^
ModuleNotFoundError: No module named 'myapp.middleware'
[UID:2123][133023] Child process with pid: 134006 was killed by signal: 15, core dumped: no
Traceback (most recent call last):
  File "/home2/techprog/therapypoint/passenger_wsgi.py", line 7, in <module>
    from myproject.wsgi import application
  File "/home2/techprog/therapypoint/myproject/wsgi.py", line 16, in <module>
    application = get_wsgi_application()
                  ^^^^^^^^^^^^^^^^^^^^^^
  File "/home2/techprog/virtualenv/therapypoint/3.12/lib/python3.12/site-packages/django/core/wsgi.py", line 13, in get_wsgi_application
    return WSGIHandler()
           ^^^^^^^^^^^^^
  File "/home2/techprog/virtualenv/therapypoint/3.12/lib/python3.12/site-packages/django/core/handlers/wsgi.py", line 127, in __init__
    self.load_middleware()
  File "/home2/techprog/virtualenv/therapypoint/3.12/lib/python3.12/site-packages/django/core/handlers/base.py", line 40, in load_middleware
    middleware = import_string(middleware_path)
                 ^^^^^^^^^^^^^^^^^^^^^^^^^^^^^^
  File "/home2/techprog/virtualenv/therapypoint/3.12/lib/python3.12/site-packages/django/utils/module_loading.py", line 17, in import_string
    module = import_module(module_path)
             ^^^^^^^^^^^^^^^^^^^^^^^^^^
  File "/opt/alt/python312/lib64/python3.12/importlib/__init__.py", line 90, in import_module
    return _bootstrap._gcd_import(name[level:], package, level)
           ^^^^^^^^^^^^^^^^^^^^^^^^^^^^^^^^^^^^^^^^^^^^^^^^^^^^
ModuleNotFoundError: No module named 'myapp.middleware'
[UID:2123][133023] Child process with pid: 134030 was killed by signal: 15, core dumped: no
Traceback (most recent call last):
  File "/home2/techprog/therapypoint/passenger_wsgi.py", line 7, in <module>
    from myproject.wsgi import application
  File "/home2/techprog/therapypoint/myproject/wsgi.py", line 16, in <module>
    application = get_wsgi_application()
                  ^^^^^^^^^^^^^^^^^^^^^^
  File "/home2/techprog/virtualenv/therapypoint/3.12/lib/python3.12/site-packages/django/core/wsgi.py", line 13, in get_wsgi_application
    return WSGIHandler()
           ^^^^^^^^^^^^^
  File "/home2/techprog/virtualenv/therapypoint/3.12/lib/python3.12/site-packages/django/core/handlers/wsgi.py", line 127, in __init__
    self.load_middleware()
  File "/home2/techprog/virtualenv/therapypoint/3.12/lib/python3.12/site-packages/django/core/handlers/base.py", line 40, in load_middleware
    middleware = import_string(middleware_path)
                 ^^^^^^^^^^^^^^^^^^^^^^^^^^^^^^
  File "/home2/techprog/virtualenv/therapypoint/3.12/lib/python3.12/site-packages/django/utils/module_loading.py", line 17, in import_string
    module = import_module(module_path)
             ^^^^^^^^^^^^^^^^^^^^^^^^^^
  File "/opt/alt/python312/lib64/python3.12/importlib/__init__.py", line 90, in import_module
    return _bootstrap._gcd_import(name[level:], package, level)
           ^^^^^^^^^^^^^^^^^^^^^^^^^^^^^^^^^^^^^^^^^^^^^^^^^^^^
ModuleNotFoundError: No module named 'myapp.middleware'
[UID:2123][133023] Child process with pid: 134378 was killed by signal: 15, core dumped: no
Traceback (most recent call last):
  File "/home2/techprog/therapypoint/passenger_wsgi.py", line 7, in <module>
    from myproject.wsgi import application
  File "/home2/techprog/therapypoint/myproject/wsgi.py", line 16, in <module>
    application = get_wsgi_application()
                  ^^^^^^^^^^^^^^^^^^^^^^
  File "/home2/techprog/virtualenv/therapypoint/3.12/lib/python3.12/site-packages/django/core/wsgi.py", line 13, in get_wsgi_application
    return WSGIHandler()
           ^^^^^^^^^^^^^
  File "/home2/techprog/virtualenv/therapypoint/3.12/lib/python3.12/site-packages/django/core/handlers/wsgi.py", line 127, in __init__
    self.load_middleware()
  File "/home2/techprog/virtualenv/therapypoint/3.12/lib/python3.12/site-packages/django/core/handlers/base.py", line 40, in load_middleware
    middleware = import_string(middleware_path)
                 ^^^^^^^^^^^^^^^^^^^^^^^^^^^^^^
  File "/home2/techprog/virtualenv/therapypoint/3.12/lib/python3.12/site-packages/django/utils/module_loading.py", line 17, in import_string
    module = import_module(module_path)
             ^^^^^^^^^^^^^^^^^^^^^^^^^^
  File "/opt/alt/python312/lib64/python3.12/importlib/__init__.py", line 90, in import_module
    return _bootstrap._gcd_import(name[level:], package, level)
           ^^^^^^^^^^^^^^^^^^^^^^^^^^^^^^^^^^^^^^^^^^^^^^^^^^^^
ModuleNotFoundError: No module named 'myapp.middleware'
[UID:2123][133023] Child process with pid: 134448 was killed by signal: 15, core dumped: no
Traceback (most recent call last):
  File "/home2/techprog/therapypoint/passenger_wsgi.py", line 7, in <module>
    from myproject.wsgi import application
  File "/home2/techprog/therapypoint/myproject/wsgi.py", line 16, in <module>
    application = get_wsgi_application()
                  ^^^^^^^^^^^^^^^^^^^^^^
  File "/home2/techprog/virtualenv/therapypoint/3.12/lib/python3.12/site-packages/django/core/wsgi.py", line 13, in get_wsgi_application
    return WSGIHandler()
           ^^^^^^^^^^^^^
  File "/home2/techprog/virtualenv/therapypoint/3.12/lib/python3.12/site-packages/django/core/handlers/wsgi.py", line 127, in __init__
    self.load_middleware()
  File "/home2/techprog/virtualenv/therapypoint/3.12/lib/python3.12/site-packages/django/core/handlers/base.py", line 40, in load_middleware
    middleware = import_string(middleware_path)
                 ^^^^^^^^^^^^^^^^^^^^^^^^^^^^^^
  File "/home2/techprog/virtualenv/therapypoint/3.12/lib/python3.12/site-packages/django/utils/module_loading.py", line 17, in import_string
    module = import_module(module_path)
             ^^^^^^^^^^^^^^^^^^^^^^^^^^
  File "/opt/alt/python312/lib64/python3.12/importlib/__init__.py", line 90, in import_module
    return _bootstrap._gcd_import(name[level:], package, level)
           ^^^^^^^^^^^^^^^^^^^^^^^^^^^^^^^^^^^^^^^^^^^^^^^^^^^^
ModuleNotFoundError: No module named 'myapp.middleware'
[UID:2123][133023] Child process with pid: 134477 was killed by signal: 15, core dumped: no
/home2/techprog/virtualenv/therapypoint/3.12/lib/python3.12/site-packages/django_q/conf.py:8: UserWarning: pkg_resources is deprecated as an API. See https://setuptools.pypa.io/en/latest/pkg_resources.html. The pkg_resources package is slated for removal as early as 2025-11-30. Refrain from using this package or pin to Setuptools<81.
  import pkg_resources
Traceback (most recent call last):
  File "/home2/techprog/therapypoint/passenger_wsgi.py", line 7, in <module>
    from myproject.wsgi import application
  File "/home2/techprog/therapypoint/myproject/wsgi.py", line 16, in <module>
    application = get_wsgi_application()
                  ^^^^^^^^^^^^^^^^^^^^^^
  File "/home2/techprog/virtualenv/therapypoint/3.12/lib/python3.12/site-packages/django/core/wsgi.py", line 12, in get_wsgi_application
    django.setup(set_prefix=False)
  File "/home2/techprog/virtualenv/therapypoint/3.12/lib/python3.12/site-packages/django/__init__.py", line 24, in setup
    apps.populate(settings.INSTALLED_APPS)
  File "/home2/techprog/virtualenv/therapypoint/3.12/lib/python3.12/site-packages/django/apps/registry.py", line 116, in populate
    app_config.import_models()
  File "/home2/techprog/virtualenv/therapypoint/3.12/lib/python3.12/site-packages/django/apps/config.py", line 269, in import_models
    self.models_module = import_module(models_module_name)
                         ^^^^^^^^^^^^^^^^^^^^^^^^^^^^^^^^^
  File "/opt/alt/python312/lib64/python3.12/importlib/__init__.py", line 90, in import_module
    return _bootstrap._gcd_import(name[level:], package, level)
           ^^^^^^^^^^^^^^^^^^^^^^^^^^^^^^^^^^^^^^^^^^^^^^^^^^^^
  File "/home2/techprog/virtualenv/therapypoint/3.12/lib/python3.12/site-packages/django_q/models.py", line 17, in <module>
    from django_q.signing import SignedPackage
  File "/home2/techprog/virtualenv/therapypoint/3.12/lib/python3.12/site-packages/django_q/signing.py", line 4, in <module>
    from django_q import core_signing as signing
  File "/home2/techprog/virtualenv/therapypoint/3.12/lib/python3.12/site-packages/django_q/core_signing.py", line 9, in <module>
    from django.utils import baseconv
ImportError: cannot import name 'baseconv' from 'django.utils' (/home2/techprog/virtualenv/therapypoint/3.12/lib/python3.12/site-packages/django/utils/__init__.py)
Traceback (most recent call last):
  File "/home2/techprog/therapypoint/passenger_wsgi.py", line 7, in <module>
    from myproject.wsgi import application
  File "/home2/techprog/therapypoint/myproject/wsgi.py", line 16, in <module>
    application = get_wsgi_application()
                  ^^^^^^^^^^^^^^^^^^^^^^
  File "/home2/techprog/virtualenv/therapypoint/3.12/lib/python3.12/site-packages/django/core/wsgi.py", line 12, in get_wsgi_application
    django.setup(set_prefix=False)
  File "/home2/techprog/virtualenv/therapypoint/3.12/lib/python3.12/site-packages/django/__init__.py", line 24, in setup
    apps.populate(settings.INSTALLED_APPS)
  File "/home2/techprog/virtualenv/therapypoint/3.12/lib/python3.12/site-packages/django/apps/registry.py", line 83, in populate
    raise RuntimeError("populate() isn't reentrant")
RuntimeError: populate() isn't reentrant
[UID:2123][149044] Child process with pid: 149164 was killed by signal: 15, core dumped: no
/home2/techprog/virtualenv/therapypoint/3.12/lib/python3.12/site-packages/django_q/conf.py:8: UserWarning: pkg_resources is deprecated as an API. See https://setuptools.pypa.io/en/latest/pkg_resources.html. The pkg_resources package is slated for removal as early as 2025-11-30. Refrain from using this package or pin to Setuptools<81.
  import pkg_resources
Traceback (most recent call last):
  File "/home2/techprog/therapypoint/passenger_wsgi.py", line 7, in <module>
    from myproject.wsgi import application
  File "/home2/techprog/therapypoint/myproject/wsgi.py", line 16, in <module>
    application = get_wsgi_application()
                  ^^^^^^^^^^^^^^^^^^^^^^
  File "/home2/techprog/virtualenv/therapypoint/3.12/lib/python3.12/site-packages/django/core/wsgi.py", line 12, in get_wsgi_application
    django.setup(set_prefix=False)
  File "/home2/techprog/virtualenv/therapypoint/3.12/lib/python3.12/site-packages/django/__init__.py", line 24, in setup
    apps.populate(settings.INSTALLED_APPS)
  File "/home2/techprog/virtualenv/therapypoint/3.12/lib/python3.12/site-packages/django/apps/registry.py", line 116, in populate
    app_config.import_models()
  File "/home2/techprog/virtualenv/therapypoint/3.12/lib/python3.12/site-packages/django/apps/config.py", line 269, in import_models
    self.models_module = import_module(models_module_name)
                         ^^^^^^^^^^^^^^^^^^^^^^^^^^^^^^^^^
  File "/opt/alt/python312/lib64/python3.12/importlib/__init__.py", line 90, in import_module
    return _bootstrap._gcd_import(name[level:], package, level)
           ^^^^^^^^^^^^^^^^^^^^^^^^^^^^^^^^^^^^^^^^^^^^^^^^^^^^
  File "/home2/techprog/virtualenv/therapypoint/3.12/lib/python3.12/site-packages/django_q/models.py", line 17, in <module>
    from django_q.signing import SignedPackage
  File "/home2/techprog/virtualenv/therapypoint/3.12/lib/python3.12/site-packages/django_q/signing.py", line 4, in <module>
    from django_q import core_signing as signing
  File "/home2/techprog/virtualenv/therapypoint/3.12/lib/python3.12/site-packages/django_q/core_signing.py", line 9, in <module>
    from django.utils import baseconv
ImportError: cannot import name 'baseconv' from 'django.utils' (/home2/techprog/virtualenv/therapypoint/3.12/lib/python3.12/site-packages/django/utils/__init__.py)
Traceback (most recent call last):
  File "/home2/techprog/therapypoint/passenger_wsgi.py", line 7, in <module>
    from myproject.wsgi import application
  File "/home2/techprog/therapypoint/myproject/wsgi.py", line 16, in <module>
    application = get_wsgi_application()
                  ^^^^^^^^^^^^^^^^^^^^^^
  File "/home2/techprog/virtualenv/therapypoint/3.12/lib/python3.12/site-packages/django/core/wsgi.py", line 12, in get_wsgi_application
    django.setup(set_prefix=False)
  File "/home2/techprog/virtualenv/therapypoint/3.12/lib/python3.12/site-packages/django/__init__.py", line 24, in setup
    apps.populate(settings.INSTALLED_APPS)
  File "/home2/techprog/virtualenv/therapypoint/3.12/lib/python3.12/site-packages/django/apps/registry.py", line 83, in populate
    raise RuntimeError("populate() isn't reentrant")
RuntimeError: populate() isn't reentrant
[UID:2123][149186] Child process with pid: 149299 was killed by signal: 15, core dumped: no
Traceback (most recent call last):
  File "/home2/techprog/therapypoint/passenger_wsgi.py", line 7, in <module>
    from myproject.wsgi import application
  File "/home2/techprog/therapypoint/myproject/wsgi.py", line 16, in <module>
    application = get_wsgi_application()
                  ^^^^^^^^^^^^^^^^^^^^^^
  File "/home2/techprog/virtualenv/therapypoint/3.12/lib/python3.12/site-packages/django/core/wsgi.py", line 12, in get_wsgi_application
    django.setup(set_prefix=False)
  File "/home2/techprog/virtualenv/therapypoint/3.12/lib/python3.12/site-packages/django/__init__.py", line 24, in setup
    apps.populate(settings.INSTALLED_APPS)
  File "/home2/techprog/virtualenv/therapypoint/3.12/lib/python3.12/site-packages/django/apps/registry.py", line 83, in populate
    raise RuntimeError("populate() isn't reentrant")
RuntimeError: populate() isn't reentrant
[UID:2123][149186] Child process with pid: 149422 was killed by signal: 15, core dumped: no
Traceback (most recent call last):
  File "/home2/techprog/therapypoint/passenger_wsgi.py", line 7, in <module>
    from myproject.wsgi import application
  File "/home2/techprog/therapypoint/myproject/wsgi.py", line 16, in <module>
    application = get_wsgi_application()
                  ^^^^^^^^^^^^^^^^^^^^^^
  File "/home2/techprog/virtualenv/therapypoint/3.12/lib/python3.12/site-packages/django/core/wsgi.py", line 12, in get_wsgi_application
    django.setup(set_prefix=False)
  File "/home2/techprog/virtualenv/therapypoint/3.12/lib/python3.12/site-packages/django/__init__.py", line 24, in setup
    apps.populate(settings.INSTALLED_APPS)
  File "/home2/techprog/virtualenv/therapypoint/3.12/lib/python3.12/site-packages/django/apps/registry.py", line 83, in populate
    raise RuntimeError("populate() isn't reentrant")
RuntimeError: populate() isn't reentrant
[UID:2123][149186] Child process with pid: 149437 was killed by signal: 15, core dumped: no
/home2/techprog/virtualenv/therapypoint/3.12/lib/python3.12/site-packages/django_q/conf.py:8: UserWarning: pkg_resources is deprecated as an API. See https://setuptools.pypa.io/en/latest/pkg_resources.html. The pkg_resources package is slated for removal as early as 2025-11-30. Refrain from using this package or pin to Setuptools<81.
  import pkg_resources
Traceback (most recent call last):
  File "/home2/techprog/therapypoint/passenger_wsgi.py", line 7, in <module>
    from myproject.wsgi import application
  File "/home2/techprog/therapypoint/myproject/wsgi.py", line 16, in <module>
    application = get_wsgi_application()
                  ^^^^^^^^^^^^^^^^^^^^^^
  File "/home2/techprog/virtualenv/therapypoint/3.12/lib/python3.12/site-packages/django/core/wsgi.py", line 12, in get_wsgi_application
    django.setup(set_prefix=False)
  File "/home2/techprog/virtualenv/therapypoint/3.12/lib/python3.12/site-packages/django/__init__.py", line 24, in setup
    apps.populate(settings.INSTALLED_APPS)
  File "/home2/techprog/virtualenv/therapypoint/3.12/lib/python3.12/site-packages/django/apps/registry.py", line 116, in populate
    app_config.import_models()
  File "/home2/techprog/virtualenv/therapypoint/3.12/lib/python3.12/site-packages/django/apps/config.py", line 269, in import_models
    self.models_module = import_module(models_module_name)
                         ^^^^^^^^^^^^^^^^^^^^^^^^^^^^^^^^^
  File "/opt/alt/python312/lib64/python3.12/importlib/__init__.py", line 90, in import_module
    return _bootstrap._gcd_import(name[level:], package, level)
           ^^^^^^^^^^^^^^^^^^^^^^^^^^^^^^^^^^^^^^^^^^^^^^^^^^^^
  File "/home2/techprog/virtualenv/therapypoint/3.12/lib/python3.12/site-packages/django_q/models.py", line 17, in <module>
    from django_q.signing import SignedPackage
  File "/home2/techprog/virtualenv/therapypoint/3.12/lib/python3.12/site-packages/django_q/signing.py", line 4, in <module>
    from django_q import core_signing as signing
  File "/home2/techprog/virtualenv/therapypoint/3.12/lib/python3.12/site-packages/django_q/core_signing.py", line 9, in <module>
    from django.utils import baseconv
ImportError: cannot import name 'baseconv' from 'django.utils' (/home2/techprog/virtualenv/therapypoint/3.12/lib/python3.12/site-packages/django/utils/__init__.py)
Traceback (most recent call last):
  File "/home2/techprog/therapypoint/passenger_wsgi.py", line 7, in <module>
    from myproject.wsgi import application
  File "/home2/techprog/therapypoint/myproject/wsgi.py", line 16, in <module>
    application = get_wsgi_application()
                  ^^^^^^^^^^^^^^^^^^^^^^
  File "/home2/techprog/virtualenv/therapypoint/3.12/lib/python3.12/site-packages/django/core/wsgi.py", line 12, in get_wsgi_application
    django.setup(set_prefix=False)
  File "/home2/techprog/virtualenv/therapypoint/3.12/lib/python3.12/site-packages/django/__init__.py", line 24, in setup
    apps.populate(settings.INSTALLED_APPS)
  File "/home2/techprog/virtualenv/therapypoint/3.12/lib/python3.12/site-packages/django/apps/registry.py", line 83, in populate
    raise RuntimeError("populate() isn't reentrant")
RuntimeError: populate() isn't reentrant
[UID:2123][159075] Child process with pid: 159216 was killed by signal: 15, core dumped: no
/home2/techprog/virtualenv/therapypoint/3.12/lib/python3.12/site-packages/django_q/conf.py:8: UserWarning: pkg_resources is deprecated as an API. See https://setuptools.pypa.io/en/latest/pkg_resources.html. The pkg_resources package is slated for removal as early as 2025-11-30. Refrain from using this package or pin to Setuptools<81.
  import pkg_resources
Traceback (most recent call last):
  File "/home2/techprog/therapypoint/passenger_wsgi.py", line 7, in <module>
    from myproject.wsgi import application
  File "/home2/techprog/therapypoint/myproject/wsgi.py", line 16, in <module>
    application = get_wsgi_application()
                  ^^^^^^^^^^^^^^^^^^^^^^
  File "/home2/techprog/virtualenv/therapypoint/3.12/lib/python3.12/site-packages/django/core/wsgi.py", line 12, in get_wsgi_application
    django.setup(set_prefix=False)
  File "/home2/techprog/virtualenv/therapypoint/3.12/lib/python3.12/site-packages/django/__init__.py", line 24, in setup
    apps.populate(settings.INSTALLED_APPS)
  File "/home2/techprog/virtualenv/therapypoint/3.12/lib/python3.12/site-packages/django/apps/registry.py", line 116, in populate
    app_config.import_models()
  File "/home2/techprog/virtualenv/therapypoint/3.12/lib/python3.12/site-packages/django/apps/config.py", line 269, in import_models
    self.models_module = import_module(models_module_name)
                         ^^^^^^^^^^^^^^^^^^^^^^^^^^^^^^^^^
  File "/opt/alt/python312/lib64/python3.12/importlib/__init__.py", line 90, in import_module
    return _bootstrap._gcd_import(name[level:], package, level)
           ^^^^^^^^^^^^^^^^^^^^^^^^^^^^^^^^^^^^^^^^^^^^^^^^^^^^
  File "/home2/techprog/virtualenv/therapypoint/3.12/lib/python3.12/site-packages/django_q/models.py", line 17, in <module>
    from django_q.signing import SignedPackage
  File "/home2/techprog/virtualenv/therapypoint/3.12/lib/python3.12/site-packages/django_q/signing.py", line 4, in <module>
    from django_q import core_signing as signing
  File "/home2/techprog/virtualenv/therapypoint/3.12/lib/python3.12/site-packages/django_q/core_signing.py", line 9, in <module>
    from django.utils import baseconv
ImportError: cannot import name 'baseconv' from 'django.utils' (/home2/techprog/virtualenv/therapypoint/3.12/lib/python3.12/site-packages/django/utils/__init__.py)
Traceback (most recent call last):
  File "/home2/techprog/therapypoint/passenger_wsgi.py", line 7, in <module>
    from myproject.wsgi import application
  File "/home2/techprog/therapypoint/myproject/wsgi.py", line 16, in <module>
    application = get_wsgi_application()
                  ^^^^^^^^^^^^^^^^^^^^^^
  File "/home2/techprog/virtualenv/therapypoint/3.12/lib/python3.12/site-packages/django/core/wsgi.py", line 12, in get_wsgi_application
    django.setup(set_prefix=False)
  File "/home2/techprog/virtualenv/therapypoint/3.12/lib/python3.12/site-packages/django/__init__.py", line 24, in setup
    apps.populate(settings.INSTALLED_APPS)
  File "/home2/techprog/virtualenv/therapypoint/3.12/lib/python3.12/site-packages/django/apps/registry.py", line 83, in populate
    raise RuntimeError("populate() isn't reentrant")
RuntimeError: populate() isn't reentrant
[UID:2123][159599] Child process with pid: 159789 was killed by signal: 15, core dumped: no
Traceback (most recent call last):
  File "/home2/techprog/therapypoint/passenger_wsgi.py", line 7, in <module>
    from myproject.wsgi import application
  File "/home2/techprog/therapypoint/myproject/wsgi.py", line 16, in <module>
    application = get_wsgi_application()
                  ^^^^^^^^^^^^^^^^^^^^^^
  File "/home2/techprog/virtualenv/therapypoint/3.12/lib/python3.12/site-packages/django/core/wsgi.py", line 12, in get_wsgi_application
    django.setup(set_prefix=False)
  File "/home2/techprog/virtualenv/therapypoint/3.12/lib/python3.12/site-packages/django/__init__.py", line 24, in setup
    apps.populate(settings.INSTALLED_APPS)
  File "/home2/techprog/virtualenv/therapypoint/3.12/lib/python3.12/site-packages/django/apps/registry.py", line 83, in populate
    raise RuntimeError("populate() isn't reentrant")
RuntimeError: populate() isn't reentrant
[UID:2123][159599] Child process with pid: 179379 was killed by signal: 15, core dumped: no
Traceback (most recent call last):
  File "/home2/techprog/therapypoint/passenger_wsgi.py", line 7, in <module>
    from myproject.wsgi import application
  File "/home2/techprog/therapypoint/myproject/wsgi.py", line 16, in <module>
    application = get_wsgi_application()
                  ^^^^^^^^^^^^^^^^^^^^^^
  File "/home2/techprog/virtualenv/therapypoint/3.12/lib/python3.12/site-packages/django/core/wsgi.py", line 12, in get_wsgi_application
    django.setup(set_prefix=False)
  File "/home2/techprog/virtualenv/therapypoint/3.12/lib/python3.12/site-packages/django/__init__.py", line 24, in setup
    apps.populate(settings.INSTALLED_APPS)
  File "/home2/techprog/virtualenv/therapypoint/3.12/lib/python3.12/site-packages/django/apps/registry.py", line 83, in populate
    raise RuntimeError("populate() isn't reentrant")
RuntimeError: populate() isn't reentrant
[UID:2123][159599] Child process with pid: 190530 was killed by signal: 15, core dumped: no
/home2/techprog/virtualenv/therapypoint/3.12/lib/python3.12/site-packages/django_q/conf.py:8: UserWarning: pkg_resources is deprecated as an API. See https://setuptools.pypa.io/en/latest/pkg_resources.html. The pkg_resources package is slated for removal as early as 2025-11-30. Refrain from using this package or pin to Setuptools<81.
  import pkg_resources
Traceback (most recent call last):
  File "/home2/techprog/therapypoint/passenger_wsgi.py", line 7, in <module>
    from myproject.wsgi import application
  File "/home2/techprog/therapypoint/myproject/wsgi.py", line 16, in <module>
    application = get_wsgi_application()
                  ^^^^^^^^^^^^^^^^^^^^^^
  File "/home2/techprog/virtualenv/therapypoint/3.12/lib/python3.12/site-packages/django/core/wsgi.py", line 12, in get_wsgi_application
    django.setup(set_prefix=False)
  File "/home2/techprog/virtualenv/therapypoint/3.12/lib/python3.12/site-packages/django/__init__.py", line 24, in setup
    apps.populate(settings.INSTALLED_APPS)
  File "/home2/techprog/virtualenv/therapypoint/3.12/lib/python3.12/site-packages/django/apps/registry.py", line 116, in populate
    app_config.import_models()
  File "/home2/techprog/virtualenv/therapypoint/3.12/lib/python3.12/site-packages/django/apps/config.py", line 269, in import_models
    self.models_module = import_module(models_module_name)
                         ^^^^^^^^^^^^^^^^^^^^^^^^^^^^^^^^^
  File "/opt/alt/python312/lib64/python3.12/importlib/__init__.py", line 90, in import_module
    return _bootstrap._gcd_import(name[level:], package, level)
           ^^^^^^^^^^^^^^^^^^^^^^^^^^^^^^^^^^^^^^^^^^^^^^^^^^^^
  File "/home2/techprog/virtualenv/therapypoint/3.12/lib/python3.12/site-packages/django_q/models.py", line 17, in <module>
    from django_q.signing import SignedPackage
  File "/home2/techprog/virtualenv/therapypoint/3.12/lib/python3.12/site-packages/django_q/signing.py", line 4, in <module>
    from django_q import core_signing as signing
  File "/home2/techprog/virtualenv/therapypoint/3.12/lib/python3.12/site-packages/django_q/core_signing.py", line 9, in <module>
    from django.utils import baseconv
ImportError: cannot import name 'baseconv' from 'django.utils' (/home2/techprog/virtualenv/therapypoint/3.12/lib/python3.12/site-packages/django/utils/__init__.py)
Traceback (most recent call last):
  File "/home2/techprog/therapypoint/passenger_wsgi.py", line 7, in <module>
    from myproject.wsgi import application
  File "/home2/techprog/therapypoint/myproject/wsgi.py", line 16, in <module>
    application = get_wsgi_application()
                  ^^^^^^^^^^^^^^^^^^^^^^
  File "/home2/techprog/virtualenv/therapypoint/3.12/lib/python3.12/site-packages/django/core/wsgi.py", line 12, in get_wsgi_application
    django.setup(set_prefix=False)
  File "/home2/techprog/virtualenv/therapypoint/3.12/lib/python3.12/site-packages/django/__init__.py", line 24, in setup
    apps.populate(settings.INSTALLED_APPS)
  File "/home2/techprog/virtualenv/therapypoint/3.12/lib/python3.12/site-packages/django/apps/registry.py", line 83, in populate
    raise RuntimeError("populate() isn't reentrant")
RuntimeError: populate() isn't reentrant
[UID:2123][232955] Child process with pid: 233023 was killed by signal: 15, core dumped: no
/home2/techprog/virtualenv/therapypoint/3.12/lib/python3.12/site-packages/django_q/conf.py:8: UserWarning: pkg_resources is deprecated as an API. See https://setuptools.pypa.io/en/latest/pkg_resources.html. The pkg_resources package is slated for removal as early as 2025-11-30. Refrain from using this package or pin to Setuptools<81.
  import pkg_resources
Traceback (most recent call last):
  File "/home2/techprog/therapypoint/passenger_wsgi.py", line 7, in <module>
    from myproject.wsgi import application
  File "/home2/techprog/therapypoint/myproject/wsgi.py", line 16, in <module>
    application = get_wsgi_application()
                  ^^^^^^^^^^^^^^^^^^^^^^
  File "/home2/techprog/virtualenv/therapypoint/3.12/lib/python3.12/site-packages/django/core/wsgi.py", line 12, in get_wsgi_application
    django.setup(set_prefix=False)
  File "/home2/techprog/virtualenv/therapypoint/3.12/lib/python3.12/site-packages/django/__init__.py", line 24, in setup
    apps.populate(settings.INSTALLED_APPS)
  File "/home2/techprog/virtualenv/therapypoint/3.12/lib/python3.12/site-packages/django/apps/registry.py", line 116, in populate
    app_config.import_models()
  File "/home2/techprog/virtualenv/therapypoint/3.12/lib/python3.12/site-packages/django/apps/config.py", line 269, in import_models
    self.models_module = import_module(models_module_name)
                         ^^^^^^^^^^^^^^^^^^^^^^^^^^^^^^^^^
  File "/opt/alt/python312/lib64/python3.12/importlib/__init__.py", line 90, in import_module
    return _bootstrap._gcd_import(name[level:], package, level)
           ^^^^^^^^^^^^^^^^^^^^^^^^^^^^^^^^^^^^^^^^^^^^^^^^^^^^
  File "/home2/techprog/virtualenv/therapypoint/3.12/lib/python3.12/site-packages/django_q/models.py", line 17, in <module>
    from django_q.signing import SignedPackage
  File "/home2/techprog/virtualenv/therapypoint/3.12/lib/python3.12/site-packages/django_q/signing.py", line 4, in <module>
    from django_q import core_signing as signing
  File "/home2/techprog/virtualenv/therapypoint/3.12/lib/python3.12/site-packages/django_q/core_signing.py", line 9, in <module>
    from django.utils import baseconv
ImportError: cannot import name 'baseconv' from 'django.utils' (/home2/techprog/virtualenv/therapypoint/3.12/lib/python3.12/site-packages/django/utils/__init__.py)
Traceback (most recent call last):
  File "/home2/techprog/therapypoint/passenger_wsgi.py", line 7, in <module>
    from myproject.wsgi import application
  File "/home2/techprog/therapypoint/myproject/wsgi.py", line 16, in <module>
    application = get_wsgi_application()
                  ^^^^^^^^^^^^^^^^^^^^^^
  File "/home2/techprog/virtualenv/therapypoint/3.12/lib/python3.12/site-packages/django/core/wsgi.py", line 12, in get_wsgi_application
    django.setup(set_prefix=False)
  File "/home2/techprog/virtualenv/therapypoint/3.12/lib/python3.12/site-packages/django/__init__.py", line 24, in setup
    apps.populate(settings.INSTALLED_APPS)
  File "/home2/techprog/virtualenv/therapypoint/3.12/lib/python3.12/site-packages/django/apps/registry.py", line 83, in populate
    raise RuntimeError("populate() isn't reentrant")
RuntimeError: populate() isn't reentrant
[UID:2123][233037] Child process with pid: 233132 was killed by signal: 15, core dumped: no
/home2/techprog/virtualenv/therapypoint/3.12/lib/python3.12/site-packages/django_q/conf.py:8: UserWarning: pkg_resources is deprecated as an API. See https://setuptools.pypa.io/en/latest/pkg_resources.html. The pkg_resources package is slated for removal as early as 2025-11-30. Refrain from using this package or pin to Setuptools<81.
  import pkg_resources
Traceback (most recent call last):
  File "/home2/techprog/therapypoint/passenger_wsgi.py", line 7, in <module>
    from myproject.wsgi import application
  File "/home2/techprog/therapypoint/myproject/wsgi.py", line 16, in <module>
    application = get_wsgi_application()
                  ^^^^^^^^^^^^^^^^^^^^^^
  File "/home2/techprog/virtualenv/therapypoint/3.12/lib/python3.12/site-packages/django/core/wsgi.py", line 12, in get_wsgi_application
    django.setup(set_prefix=False)
  File "/home2/techprog/virtualenv/therapypoint/3.12/lib/python3.12/site-packages/django/__init__.py", line 24, in setup
    apps.populate(settings.INSTALLED_APPS)
  File "/home2/techprog/virtualenv/therapypoint/3.12/lib/python3.12/site-packages/django/apps/registry.py", line 116, in populate
    app_config.import_models()
  File "/home2/techprog/virtualenv/therapypoint/3.12/lib/python3.12/site-packages/django/apps/config.py", line 269, in import_models
    self.models_module = import_module(models_module_name)
                         ^^^^^^^^^^^^^^^^^^^^^^^^^^^^^^^^^
  File "/opt/alt/python312/lib64/python3.12/importlib/__init__.py", line 90, in import_module
    return _bootstrap._gcd_import(name[level:], package, level)
           ^^^^^^^^^^^^^^^^^^^^^^^^^^^^^^^^^^^^^^^^^^^^^^^^^^^^
  File "/home2/techprog/virtualenv/therapypoint/3.12/lib/python3.12/site-packages/django_q/models.py", line 17, in <module>
    from django_q.signing import SignedPackage
  File "/home2/techprog/virtualenv/therapypoint/3.12/lib/python3.12/site-packages/django_q/signing.py", line 4, in <module>
    from django_q import core_signing as signing
  File "/home2/techprog/virtualenv/therapypoint/3.12/lib/python3.12/site-packages/django_q/core_signing.py", line 9, in <module>
    from django.utils import baseconv
ImportError: cannot import name 'baseconv' from 'django.utils' (/home2/techprog/virtualenv/therapypoint/3.12/lib/python3.12/site-packages/django/utils/__init__.py)
Traceback (most recent call last):
  File "/home2/techprog/therapypoint/passenger_wsgi.py", line 7, in <module>
    from myproject.wsgi import application
  File "/home2/techprog/therapypoint/myproject/wsgi.py", line 16, in <module>
    application = get_wsgi_application()
                  ^^^^^^^^^^^^^^^^^^^^^^
  File "/home2/techprog/virtualenv/therapypoint/3.12/lib/python3.12/site-packages/django/core/wsgi.py", line 12, in get_wsgi_application
    django.setup(set_prefix=False)
  File "/home2/techprog/virtualenv/therapypoint/3.12/lib/python3.12/site-packages/django/__init__.py", line 24, in setup
    apps.populate(settings.INSTALLED_APPS)
  File "/home2/techprog/virtualenv/therapypoint/3.12/lib/python3.12/site-packages/django/apps/registry.py", line 83, in populate
    raise RuntimeError("populate() isn't reentrant")
RuntimeError: populate() isn't reentrant
[UID:2123][247064] Child process with pid: 247156 was killed by signal: 15, core dumped: no
Traceback (most recent call last):
  File "/home2/techprog/therapypoint/passenger_wsgi.py", line 7, in <module>
    from myproject.wsgi import application
  File "/home2/techprog/therapypoint/myproject/wsgi.py", line 16, in <module>
    application = get_wsgi_application()
                  ^^^^^^^^^^^^^^^^^^^^^^
  File "/home2/techprog/virtualenv/therapypoint/3.12/lib/python3.12/site-packages/django/core/wsgi.py", line 12, in get_wsgi_application
    django.setup(set_prefix=False)
  File "/home2/techprog/virtualenv/therapypoint/3.12/lib/python3.12/site-packages/django/__init__.py", line 24, in setup
    apps.populate(settings.INSTALLED_APPS)
  File "/home2/techprog/virtualenv/therapypoint/3.12/lib/python3.12/site-packages/django/apps/registry.py", line 83, in populate
    raise RuntimeError("populate() isn't reentrant")
RuntimeError: populate() isn't reentrant
[UID:2123][247064] Child process with pid: 247449 was killed by signal: 15, core dumped: no
/home2/techprog/virtualenv/therapypoint/3.12/lib/python3.12/site-packages/django_q/conf.py:8: UserWarning: pkg_resources is deprecated as an API. See https://setuptools.pypa.io/en/latest/pkg_resources.html. The pkg_resources package is slated for removal as early as 2025-11-30. Refrain from using this package or pin to Setuptools<81.
  import pkg_resources
OSError: LSAPI: File error
OSError: LSAPI: File error
[UID:2123][270395] Child process with pid: 270477 was killed by signal: 15, core dumped: no
/home2/techprog/virtualenv/therapypoint/3.12/lib/python3.12/site-packages/django_q/conf.py:8: UserWarning: pkg_resources is deprecated as an API. See https://setuptools.pypa.io/en/latest/pkg_resources.html. The pkg_resources package is slated for removal as early as 2025-11-30. Refrain from using this package or pin to Setuptools<81.
  import pkg_resources
Internal Server Error: /admin/myapp/visitor/
Traceback (most recent call last):
  File "/home2/techprog/virtualenv/therapypoint/3.12/lib/python3.12/site-packages/django/core/handlers/exception.py", line 55, in inner
    response = get_response(request)
               ^^^^^^^^^^^^^^^^^^^^^
  File "/home2/techprog/virtualenv/therapypoint/3.12/lib/python3.12/site-packages/django/core/handlers/base.py", line 220, in _get_response
    response = response.render()
               ^^^^^^^^^^^^^^^^^
  File "/home2/techprog/virtualenv/therapypoint/3.12/lib/python3.12/site-packages/django/template/response.py", line 114, in render
    self.content = self.rendered_content
                   ^^^^^^^^^^^^^^^^^^^^^
  File "/home2/techprog/virtualenv/therapypoint/3.12/lib/python3.12/site-packages/django/template/response.py", line 90, in rendered_content
    template = self.resolve_template(self.template_name)
               ^^^^^^^^^^^^^^^^^^^^^^^^^^^^^^^^^^^^^^^^^
  File "/home2/techprog/virtualenv/therapypoint/3.12/lib/python3.12/site-packages/django/template/response.py", line 74, in resolve_template
    return get_template(template, using=self.using)
           ^^^^^^^^^^^^^^^^^^^^^^^^^^^^^^^^^^^^^^^^
  File "/home2/techprog/virtualenv/therapypoint/3.12/lib/python3.12/site-packages/django/template/loader.py", line 19, in get_template
    raise TemplateDoesNotExist(template_name, chain=chain)
django.template.exceptions.TemplateDoesNotExist: admin/visitor_stats.html
/home2/techprog/virtualenv/therapypoint/3.12/lib/python3.12/site-packages/django_q/conf.py:8: UserWarning: pkg_resources is deprecated as an API. See https://setuptools.pypa.io/en/latest/pkg_resources.html. The pkg_resources package is slated for removal as early as 2025-11-30. Refrain from using this package or pin to Setuptools<81.
  import pkg_resources
/home2/techprog/virtualenv/therapypoint/3.12/lib/python3.12/site-packages/django_q/conf.py:8: UserWarning: pkg_resources is deprecated as an API. See https://setuptools.pypa.io/en/latest/pkg_resources.html. The pkg_resources package is slated for removal as early as 2025-11-30. Refrain from using this package or pin to Setuptools<81.
  import pkg_resources
Not Found: /favicon.ico
/home2/techprog/virtualenv/therapypoint/3.12/lib/python3.12/site-packages/django_q/conf.py:8: UserWarning: pkg_resources is deprecated as an API. See https://setuptools.pypa.io/en/latest/pkg_resources.html. The pkg_resources package is slated for removal as early as 2025-11-30. Refrain from using this package or pin to Setuptools<81.
  import pkg_resources
/home2/techprog/virtualenv/therapypoint/3.12/lib/python3.12/site-packages/django_q/conf.py:8: UserWarning: pkg_resources is deprecated as an API. See https://setuptools.pypa.io/en/latest/pkg_resources.html. The pkg_resources package is slated for removal as early as 2025-11-30. Refrain from using this package or pin to Setuptools<81.
  import pkg_resources
[UID:2123][1071846] Child process with pid: 1071964 was killed by signal: 15, core dumped: no
[UID:2123][1071846] Child process with pid: 1072370 was killed by signal: 15, core dumped: no
[UID:2123][1071846] Child process with pid: 1072338 was killed by signal: 15, core dumped: no
Not Found: /login
/home2/techprog/virtualenv/therapypoint/3.12/lib/python3.12/site-packages/django_q/conf.py:8: UserWarning: pkg_resources is deprecated as an API. See https://setuptools.pypa.io/en/latest/pkg_resources.html. The pkg_resources package is slated for removal as early as 2025-11-30. Refrain from using this package or pin to Setuptools<81.
  import pkg_resources
[UID:2123][1212714] Child process with pid: 1212842 was killed by signal: 15, core dumped: no
Not Found: /favicon.ico
/home2/techprog/virtualenv/therapypoint/3.12/lib/python3.12/site-packages/django_q/conf.py:8: UserWarning: pkg_resources is deprecated as an API. See https://setuptools.pypa.io/en/latest/pkg_resources.html. The pkg_resources package is slated for removal as early as 2025-11-30. Refrain from using this package or pin to Setuptools<81.
  import pkg_resources
/home2/techprog/virtualenv/therapypoint/3.12/lib/python3.12/site-packages/django_q/conf.py:8: UserWarning: pkg_resources is deprecated as an API. See https://setuptools.pypa.io/en/latest/pkg_resources.html. The pkg_resources package is slated for removal as early as 2025-11-30. Refrain from using this package or pin to Setuptools<81.
  import pkg_resources
/home2/techprog/virtualenv/therapypoint/3.12/lib/python3.12/site-packages/django_q/conf.py:8: UserWarning: pkg_resources is deprecated as an API. See https://setuptools.pypa.io/en/latest/pkg_resources.html. The pkg_resources package is slated for removal as early as 2025-11-30. Refrain from using this package or pin to Setuptools<81.
  import pkg_resources
/home2/techprog/virtualenv/therapypoint/3.12/lib/python3.12/site-packages/django_q/conf.py:8: UserWarning: pkg_resources is deprecated as an API. See https://setuptools.pypa.io/en/latest/pkg_resources.html. The pkg_resources package is slated for removal as early as 2025-11-30. Refrain from using this package or pin to Setuptools<81.
  import pkg_resources
/home2/techprog/virtualenv/therapypoint/3.12/lib/python3.12/site-packages/django_q/conf.py:8: UserWarning: pkg_resources is deprecated as an API. See https://setuptools.pypa.io/en/latest/pkg_resources.html. The pkg_resources package is slated for removal as early as 2025-11-30. Refrain from using this package or pin to Setuptools<81.
  import pkg_resources
/home2/techprog/virtualenv/therapypoint/3.12/lib/python3.12/site-packages/django_q/conf.py:8: UserWarning: pkg_resources is deprecated as an API. See https://setuptools.pypa.io/en/latest/pkg_resources.html. The pkg_resources package is slated for removal as early as 2025-11-30. Refrain from using this package or pin to Setuptools<81.
  import pkg_resources
/home2/techprog/virtualenv/therapypoint/3.12/lib/python3.12/site-packages/django_q/conf.py:8: UserWarning: pkg_resources is deprecated as an API. See https://setuptools.pypa.io/en/latest/pkg_resources.html. The pkg_resources package is slated for removal as early as 2025-11-30. Refrain from using this package or pin to Setuptools<81.
  import pkg_resources
Not Found: /favicon.ico
/home2/techprog/virtualenv/therapypoint/3.12/lib/python3.12/site-packages/django_q/conf.py:8: UserWarning: pkg_resources is deprecated as an API. See https://setuptools.pypa.io/en/latest/pkg_resources.html. The pkg_resources package is slated for removal as early as 2025-11-30. Refrain from using this package or pin to Setuptools<81.
  import pkg_resources
/home2/techprog/virtualenv/therapypoint/3.12/lib/python3.12/site-packages/django_q/conf.py:8: UserWarning: pkg_resources is deprecated as an API. See https://setuptools.pypa.io/en/latest/pkg_resources.html. The pkg_resources package is slated for removal as early as 2025-11-30. Refrain from using this package or pin to Setuptools<81.
  import pkg_resources
/home2/techprog/virtualenv/therapypoint/3.12/lib/python3.12/site-packages/django_q/conf.py:8: UserWarning: pkg_resources is deprecated as an API. See https://setuptools.pypa.io/en/latest/pkg_resources.html. The pkg_resources package is slated for removal as early as 2025-11-30. Refrain from using this package or pin to Setuptools<81.
  import pkg_resources
/home2/techprog/virtualenv/therapypoint/3.12/lib/python3.12/site-packages/django_q/conf.py:8: UserWarning: pkg_resources is deprecated as an API. See https://setuptools.pypa.io/en/latest/pkg_resources.html. The pkg_resources package is slated for removal as early as 2025-11-30. Refrain from using this package or pin to Setuptools<81.
  import pkg_resources
Invalid HTTP_HOST header: 'tst.techprogramming.org'. You may need to add 'tst.techprogramming.org' to ALLOWED_HOSTS.
Traceback (most recent call last):
  File "/home2/techprog/virtualenv/therapypoint/3.12/lib/python3.12/site-packages/django/core/handlers/exception.py", line 55, in inner
    response = get_response(request)
               ^^^^^^^^^^^^^^^^^^^^^
  File "/home2/techprog/virtualenv/therapypoint/3.12/lib/python3.12/site-packages/django/utils/deprecation.py", line 133, in __call__
    response = self.process_request(request)
               ^^^^^^^^^^^^^^^^^^^^^^^^^^^^^
  File "/home2/techprog/virtualenv/therapypoint/3.12/lib/python3.12/site-packages/django/middleware/common.py", line 48, in process_request
    host = request.get_host()
           ^^^^^^^^^^^^^^^^^^
  File "/home2/techprog/virtualenv/therapypoint/3.12/lib/python3.12/site-packages/django/http/request.py", line 150, in get_host
    raise DisallowedHost(msg)
django.core.exceptions.DisallowedHost: Invalid HTTP_HOST header: 'tst.techprogramming.org'. You may need to add 'tst.techprogramming.org' to ALLOWED_HOSTS.
Invalid HTTP_HOST header: 'tst.techprogramming.org'. You may need to add 'tst.techprogramming.org' to ALLOWED_HOSTS.
Traceback (most recent call last):
  File "/home2/techprog/virtualenv/therapypoint/3.12/lib/python3.12/site-packages/django/core/handlers/exception.py", line 55, in inner
    response = get_response(request)
               ^^^^^^^^^^^^^^^^^^^^^
  File "/home2/techprog/virtualenv/therapypoint/3.12/lib/python3.12/site-packages/django/utils/deprecation.py", line 133, in __call__
    response = self.process_request(request)
               ^^^^^^^^^^^^^^^^^^^^^^^^^^^^^
  File "/home2/techprog/virtualenv/therapypoint/3.12/lib/python3.12/site-packages/django/middleware/common.py", line 48, in process_request
    host = request.get_host()
           ^^^^^^^^^^^^^^^^^^
  File "/home2/techprog/virtualenv/therapypoint/3.12/lib/python3.12/site-packages/django/http/request.py", line 150, in get_host
    raise DisallowedHost(msg)
django.core.exceptions.DisallowedHost: Invalid HTTP_HOST header: 'tst.techprogramming.org'. You may need to add 'tst.techprogramming.org' to ALLOWED_HOSTS.
Invalid HTTP_HOST header: 'tst.techprogramming.org'. You may need to add 'tst.techprogramming.org' to ALLOWED_HOSTS.
Traceback (most recent call last):
  File "/home2/techprog/virtualenv/therapypoint/3.12/lib/python3.12/site-packages/django/core/handlers/exception.py", line 55, in inner
    response = get_response(request)
               ^^^^^^^^^^^^^^^^^^^^^
  File "/home2/techprog/virtualenv/therapypoint/3.12/lib/python3.12/site-packages/django/utils/deprecation.py", line 133, in __call__
    response = self.process_request(request)
               ^^^^^^^^^^^^^^^^^^^^^^^^^^^^^
  File "/home2/techprog/virtualenv/therapypoint/3.12/lib/python3.12/site-packages/django/middleware/common.py", line 48, in process_request
    host = request.get_host()
           ^^^^^^^^^^^^^^^^^^
  File "/home2/techprog/virtualenv/therapypoint/3.12/lib/python3.12/site-packages/django/http/request.py", line 150, in get_host
    raise DisallowedHost(msg)
django.core.exceptions.DisallowedHost: Invalid HTTP_HOST header: 'tst.techprogramming.org'. You may need to add 'tst.techprogramming.org' to ALLOWED_HOSTS.
Invalid HTTP_HOST header: 'tst.techprogramming.org'. You may need to add 'tst.techprogramming.org' to ALLOWED_HOSTS.
Traceback (most recent call last):
  File "/home2/techprog/virtualenv/therapypoint/3.12/lib/python3.12/site-packages/django/core/handlers/exception.py", line 55, in inner
    response = get_response(request)
               ^^^^^^^^^^^^^^^^^^^^^
  File "/home2/techprog/virtualenv/therapypoint/3.12/lib/python3.12/site-packages/django/utils/deprecation.py", line 133, in __call__
    response = self.process_request(request)
               ^^^^^^^^^^^^^^^^^^^^^^^^^^^^^
  File "/home2/techprog/virtualenv/therapypoint/3.12/lib/python3.12/site-packages/django/middleware/common.py", line 48, in process_request
    host = request.get_host()
           ^^^^^^^^^^^^^^^^^^
  File "/home2/techprog/virtualenv/therapypoint/3.12/lib/python3.12/site-packages/django/http/request.py", line 150, in get_host
    raise DisallowedHost(msg)
django.core.exceptions.DisallowedHost: Invalid HTTP_HOST header: 'tst.techprogramming.org'. You may need to add 'tst.techprogramming.org' to ALLOWED_HOSTS.
Invalid HTTP_HOST header: 'tst.techprogramming.org'. You may need to add 'tst.techprogramming.org' to ALLOWED_HOSTS.
Traceback (most recent call last):
  File "/home2/techprog/virtualenv/therapypoint/3.12/lib/python3.12/site-packages/django/core/handlers/exception.py", line 55, in inner
    response = get_response(request)
               ^^^^^^^^^^^^^^^^^^^^^
  File "/home2/techprog/virtualenv/therapypoint/3.12/lib/python3.12/site-packages/django/utils/deprecation.py", line 133, in __call__
    response = self.process_request(request)
               ^^^^^^^^^^^^^^^^^^^^^^^^^^^^^
  File "/home2/techprog/virtualenv/therapypoint/3.12/lib/python3.12/site-packages/django/middleware/common.py", line 48, in process_request
    host = request.get_host()
           ^^^^^^^^^^^^^^^^^^
  File "/home2/techprog/virtualenv/therapypoint/3.12/lib/python3.12/site-packages/django/http/request.py", line 150, in get_host
    raise DisallowedHost(msg)
django.core.exceptions.DisallowedHost: Invalid HTTP_HOST header: 'tst.techprogramming.org'. You may need to add 'tst.techprogramming.org' to ALLOWED_HOSTS.
Invalid HTTP_HOST header: 'tst.techprogramming.org'. You may need to add 'tst.techprogramming.org' to ALLOWED_HOSTS.
Traceback (most recent call last):
  File "/home2/techprog/virtualenv/therapypoint/3.12/lib/python3.12/site-packages/django/core/handlers/exception.py", line 55, in inner
    response = get_response(request)
               ^^^^^^^^^^^^^^^^^^^^^
  File "/home2/techprog/virtualenv/therapypoint/3.12/lib/python3.12/site-packages/django/utils/deprecation.py", line 133, in __call__
    response = self.process_request(request)
               ^^^^^^^^^^^^^^^^^^^^^^^^^^^^^
  File "/home2/techprog/virtualenv/therapypoint/3.12/lib/python3.12/site-packages/django/middleware/common.py", line 48, in process_request
    host = request.get_host()
           ^^^^^^^^^^^^^^^^^^
  File "/home2/techprog/virtualenv/therapypoint/3.12/lib/python3.12/site-packages/django/http/request.py", line 150, in get_host
    raise DisallowedHost(msg)
django.core.exceptions.DisallowedHost: Invalid HTTP_HOST header: 'tst.techprogramming.org'. You may need to add 'tst.techprogramming.org' to ALLOWED_HOSTS.
/home2/techprog/virtualenv/therapypoint/3.12/lib/python3.12/site-packages/django_q/conf.py:8: UserWarning: pkg_resources is deprecated as an API. See https://setuptools.pypa.io/en/latest/pkg_resources.html. The pkg_resources package is slated for removal as early as 2025-11-30. Refrain from using this package or pin to Setuptools<81.
  import pkg_resources
/home2/techprog/virtualenv/therapypoint/3.12/lib/python3.12/site-packages/django_q/conf.py:8: UserWarning: pkg_resources is deprecated as an API. See https://setuptools.pypa.io/en/latest/pkg_resources.html. The pkg_resources package is slated for removal as early as 2025-11-30. Refrain from using this package or pin to Setuptools<81.
  import pkg_resources
/home2/techprog/virtualenv/therapypoint/3.12/lib/python3.12/site-packages/django_q/conf.py:8: UserWarning: pkg_resources is deprecated as an API. See https://setuptools.pypa.io/en/latest/pkg_resources.html. The pkg_resources package is slated for removal as early as 2025-11-30. Refrain from using this package or pin to Setuptools<81.
  import pkg_resources
[UID:2123][253091] Reached max children process limit: 6, extra: 2, current: 8, busy: 7, please increase LSAPI_CHILDREN.
[UID:2123][253091] Reached max children process limit: 6, extra: 2, current: 8, busy: 8, please increase LSAPI_CHILDREN.
[UID:2123][253091] Reached max children process limit: 6, extra: 2, current: 8, busy: 8, please increase LSAPI_CHILDREN.
[UID:2123][253091] Reached max children process limit: 6, extra: 2, current: 8, busy: 8, please increase LSAPI_CHILDREN.
[UID:2123][253091] Reached max children process limit: 6, extra: 2, current: 8, busy: 8, please increase LSAPI_CHILDREN.
[UID:2123][253091] Reached max children process limit: 6, extra: 2, current: 8, busy: 8, please increase LSAPI_CHILDREN.
[UID:2123][253091] Reached max children process limit: 6, extra: 2, current: 8, busy: 8, please increase LSAPI_CHILDREN.
[UID:2123][253091] Reached max children process limit: 6, extra: 2, current: 8, busy: 8, please increase LSAPI_CHILDREN.
[UID:2123][253091] Reached max children process limit: 6, extra: 2, current: 8, busy: 8, please increase LSAPI_CHILDREN.
[UID:2123][253091] Reached max children process limit: 6, extra: 2, current: 8, busy: 8, please increase LSAPI_CHILDREN.
[UID:2123][253091] Reached max children process limit: 6, extra: 2, current: 8, busy: 8, please increase LSAPI_CHILDREN.
[UID:2123][253091] Reached max children process limit: 6, extra: 2, current: 8, busy: 8, please increase LSAPI_CHILDREN.
[UID:2123][253091] Reached max children process limit: 6, extra: 2, current: 8, busy: 8, please increase LSAPI_CHILDREN.
[UID:2123][253091] Reached max children process limit: 6, extra: 2, current: 8, busy: 8, please increase LSAPI_CHILDREN.
[UID:2123][253091] Reached max children process limit: 6, extra: 2, current: 8, busy: 8, please increase LSAPI_CHILDREN.
[UID:2123][253091] Reached max children process limit: 6, extra: 2, current: 8, busy: 8, please increase LSAPI_CHILDREN.
[UID:2123][253091] Reached max children process limit: 6, extra: 2, current: 8, busy: 8, please increase LSAPI_CHILDREN.
[UID:2123][253091] Reached max children process limit: 6, extra: 2, current: 8, busy: 8, please increase LSAPI_CHILDREN.
[UID:2123][253091] Reached max children process limit: 6, extra: 2, current: 8, busy: 8, please increase LSAPI_CHILDREN.
[UID:2123][253091] Reached max children process limit: 6, extra: 2, current: 8, busy: 8, please increase LSAPI_CHILDREN.
[UID:2123][253091] Reached max children process limit: 6, extra: 2, current: 8, busy: 8, please increase LSAPI_CHILDREN.
[UID:2123][253091] Reached max children process limit: 6, extra: 2, current: 8, busy: 8, please increase LSAPI_CHILDREN.
[UID:2123][253091] Reached max children process limit: 6, extra: 2, current: 8, busy: 8, please increase LSAPI_CHILDREN.
[UID:2123][253091] Reached max children process limit: 6, extra: 2, current: 8, busy: 8, please increase LSAPI_CHILDREN.
[UID:2123][253091] Reached max children process limit: 6, extra: 2, current: 8, busy: 8, please increase LSAPI_CHILDREN.
[UID:2123][253091] Reached max children process limit: 6, extra: 2, current: 8, busy: 8, please increase LSAPI_CHILDREN.
[UID:2123][253091] Reached max children process limit: 6, extra: 2, current: 8, busy: 8, please increase LSAPI_CHILDREN.
[UID:2123][253091] Reached max children process limit: 6, extra: 2, current: 8, busy: 8, please increase LSAPI_CHILDREN.
[UID:2123][253091] Reached max children process limit: 6, extra: 2, current: 8, busy: 8, please increase LSAPI_CHILDREN.
[UID:2123][253091] Reached max children process limit: 6, extra: 2, current: 8, busy: 8, please increase LSAPI_CHILDREN.
[UID:2123][253091] Reached max children process limit: 6, extra: 2, current: 8, busy: 8, please increase LSAPI_CHILDREN.
[UID:2123][253091] Reached max children process limit: 6, extra: 2, current: 8, busy: 8, please increase LSAPI_CHILDREN.
[UID:2123][253091] Reached max children process limit: 6, extra: 2, current: 8, busy: 8, please increase LSAPI_CHILDREN.
[UID:2123][253091] Reached max children process limit: 6, extra: 2, current: 8, busy: 8, please increase LSAPI_CHILDREN.
[UID:2123][253091] Reached max children process limit: 6, extra: 2, current: 8, busy: 8, please increase LSAPI_CHILDREN.
[UID:2123][253091] Reached max children process limit: 6, extra: 2, current: 8, busy: 8, please increase LSAPI_CHILDREN.
[UID:2123][253091] Reached max children process limit: 6, extra: 2, current: 8, busy: 8, please increase LSAPI_CHILDREN.
[UID:2123][253091] Reached max children process limit: 6, extra: 2, current: 8, busy: 8, please increase LSAPI_CHILDREN.
[UID:2123][253091] Reached max children process limit: 6, extra: 2, current: 8, busy: 7, please increase LSAPI_CHILDREN.
[UID:2123][253091] Reached max children process limit: 6, extra: 2, current: 8, busy: 8, please increase LSAPI_CHILDREN.
[UID:2123][253091] Reached max children process limit: 6, extra: 2, current: 8, busy: 8, please increase LSAPI_CHILDREN.
[UID:2123][253091] Reached max children process limit: 6, extra: 2, current: 8, busy: 8, please increase LSAPI_CHILDREN.
[UID:2123][253091] Reached max children process limit: 6, extra: 2, current: 8, busy: 8, please increase LSAPI_CHILDREN.
[UID:2123][253091] Reached max children process limit: 6, extra: 2, current: 8, busy: 8, please increase LSAPI_CHILDREN.
[UID:2123][253091] Reached max children process limit: 6, extra: 2, current: 8, busy: 8, please increase LSAPI_CHILDREN.
/home2/techprog/virtualenv/therapypoint/3.12/lib/python3.12/site-packages/django_q/conf.py:8: UserWarning: pkg_resources is deprecated as an API. See https://setuptools.pypa.io/en/latest/pkg_resources.html. The pkg_resources package is slated for removal as early as 2025-11-30. Refrain from using this package or pin to Setuptools<81.
  import pkg_resources
/home2/techprog/virtualenv/therapypoint/3.12/lib/python3.12/site-packages/django_q/conf.py:8: UserWarning: pkg_resources is deprecated as an API. See https://setuptools.pypa.io/en/latest/pkg_resources.html. The pkg_resources package is slated for removal as early as 2025-11-30. Refrain from using this package or pin to Setuptools<81.
  import pkg_resources
[UID:2123][379157] Reached max children process limit: 6, extra: 2, current: 8, busy: 7, please increase LSAPI_CHILDREN.
[UID:2123][379157] Reached max children process limit: 6, extra: 2, current: 8, busy: 8, please increase LSAPI_CHILDREN.
[UID:2123][379157] Reached max children process limit: 6, extra: 2, current: 8, busy: 8, please increase LSAPI_CHILDREN.
[UID:2123][379157] Reached max children process limit: 6, extra: 2, current: 8, busy: 8, please increase LSAPI_CHILDREN.
[UID:2123][379157] Reached max children process limit: 6, extra: 2, current: 8, busy: 8, please increase LSAPI_CHILDREN.
[UID:2123][379157] Reached max children process limit: 6, extra: 2, current: 8, busy: 8, please increase LSAPI_CHILDREN.
[UID:2123][379157] Reached max children process limit: 6, extra: 2, current: 8, busy: 8, please increase LSAPI_CHILDREN.
[UID:2123][379157] Reached max children process limit: 6, extra: 2, current: 8, busy: 8, please increase LSAPI_CHILDREN.
[UID:2123][379157] Reached max children process limit: 6, extra: 2, current: 8, busy: 8, please increase LSAPI_CHILDREN.
[UID:2123][379157] Reached max children process limit: 6, extra: 2, current: 8, busy: 8, please increase LSAPI_CHILDREN.
[UID:2123][379157] Reached max children process limit: 6, extra: 2, current: 8, busy: 7, please increase LSAPI_CHILDREN.
[UID:2123][379157] Reached max children process limit: 6, extra: 2, current: 8, busy: 8, please increase LSAPI_CHILDREN.
[UID:2123][379157] Reached max children process limit: 6, extra: 2, current: 8, busy: 8, please increase LSAPI_CHILDREN.
[UID:2123][379157] Reached max children process limit: 6, extra: 2, current: 8, busy: 8, please increase LSAPI_CHILDREN.
[UID:2123][379157] Reached max children process limit: 6, extra: 2, current: 8, busy: 8, please increase LSAPI_CHILDREN.
[UID:2123][379157] Reached max children process limit: 6, extra: 2, current: 8, busy: 8, please increase LSAPI_CHILDREN.
[UID:2123][379157] Reached max children process limit: 6, extra: 2, current: 8, busy: 8, please increase LSAPI_CHILDREN.
/home2/techprog/virtualenv/therapypoint/3.12/lib/python3.12/site-packages/django_q/conf.py:8: UserWarning: pkg_resources is deprecated as an API. See https://setuptools.pypa.io/en/latest/pkg_resources.html. The pkg_resources package is slated for removal as early as 2025-11-30. Refrain from using this package or pin to Setuptools<81.
  import pkg_resources
/home2/techprog/virtualenv/therapypoint/3.12/lib/python3.12/site-packages/django_q/conf.py:8: UserWarning: pkg_resources is deprecated as an API. See https://setuptools.pypa.io/en/latest/pkg_resources.html. The pkg_resources package is slated for removal as early as 2025-11-30. Refrain from using this package or pin to Setuptools<81.
  import pkg_resources
/home2/techprog/virtualenv/therapypoint/3.12/lib/python3.12/site-packages/django_q/conf.py:8: UserWarning: pkg_resources is deprecated as an API. See https://setuptools.pypa.io/en/latest/pkg_resources.html. The pkg_resources package is slated for removal as early as 2025-11-30. Refrain from using this package or pin to Setuptools<81.
  import pkg_resources
/home2/techprog/virtualenv/therapypoint/3.12/lib/python3.12/site-packages/django_q/conf.py:8: UserWarning: pkg_resources is deprecated as an API. See https://setuptools.pypa.io/en/latest/pkg_resources.html. The pkg_resources package is slated for removal as early as 2025-11-30. Refrain from using this package or pin to Setuptools<81.
  import pkg_resources
/home2/techprog/virtualenv/therapypoint/3.12/lib/python3.12/site-packages/django_q/conf.py:8: UserWarning: pkg_resources is deprecated as an API. See https://setuptools.pypa.io/en/latest/pkg_resources.html. The pkg_resources package is slated for removal as early as 2025-11-30. Refrain from using this package or pin to Setuptools<81.
  import pkg_resources
/home2/techprog/virtualenv/therapypoint/3.12/lib/python3.12/site-packages/django_q/conf.py:8: UserWarning: pkg_resources is deprecated as an API. See https://setuptools.pypa.io/en/latest/pkg_resources.html. The pkg_resources package is slated for removal as early as 2025-11-30. Refrain from using this package or pin to Setuptools<81.
  import pkg_resources
/home2/techprog/virtualenv/therapypoint/3.12/lib/python3.12/site-packages/django_q/conf.py:8: UserWarning: pkg_resources is deprecated as an API. See https://setuptools.pypa.io/en/latest/pkg_resources.html. The pkg_resources package is slated for removal as early as 2025-11-30. Refrain from using this package or pin to Setuptools<81.
  import pkg_resources
[UID:2123][67307] Reached max children process limit: 6, extra: 2, current: 8, busy: 7, please increase LSAPI_CHILDREN.
[UID:2123][67307] Reached max children process limit: 6, extra: 2, current: 8, busy: 8, please increase LSAPI_CHILDREN.
[UID:2123][67307] Reached max children process limit: 6, extra: 2, current: 8, busy: 8, please increase LSAPI_CHILDREN.
[UID:2123][67307] Reached max children process limit: 6, extra: 2, current: 8, busy: 8, please increase LSAPI_CHILDREN.
[UID:2123][67307] Reached max children process limit: 6, extra: 2, current: 8, busy: 8, please increase LSAPI_CHILDREN.
[UID:2123][67307] Reached max children process limit: 6, extra: 2, current: 8, busy: 8, please increase LSAPI_CHILDREN.
[UID:2123][67307] Reached max children process limit: 6, extra: 2, current: 8, busy: 8, please increase LSAPI_CHILDREN.
[UID:2123][67307] Reached max children process limit: 6, extra: 2, current: 8, busy: 8, please increase LSAPI_CHILDREN.
[UID:2123][67307] Reached max children process limit: 6, extra: 2, current: 8, busy: 8, please increase LSAPI_CHILDREN.
[UID:2123][67307] Reached max children process limit: 6, extra: 2, current: 8, busy: 8, please increase LSAPI_CHILDREN.
[UID:2123][67307] Reached max children process limit: 6, extra: 2, current: 8, busy: 8, please increase LSAPI_CHILDREN.
[UID:2123][67307] Reached max children process limit: 6, extra: 2, current: 8, busy: 8, please increase LSAPI_CHILDREN.
[UID:2123][67307] Reached max children process limit: 6, extra: 2, current: 8, busy: 8, please increase LSAPI_CHILDREN.
[UID:2123][67307] Reached max children process limit: 6, extra: 2, current: 8, busy: 7, please increase LSAPI_CHILDREN.
[UID:2123][67307] Reached max children process limit: 6, extra: 2, current: 8, busy: 8, please increase LSAPI_CHILDREN.
[UID:2123][67307] Reached max children process limit: 6, extra: 2, current: 8, busy: 8, please increase LSAPI_CHILDREN.
[UID:2123][67307] Reached max children process limit: 6, extra: 2, current: 8, busy: 8, please increase LSAPI_CHILDREN.
[UID:2123][67307] Reached max children process limit: 6, extra: 2, current: 8, busy: 8, please increase LSAPI_CHILDREN.
[UID:2123][67307] Reached max children process limit: 6, extra: 2, current: 8, busy: 8, please increase LSAPI_CHILDREN.
[UID:2123][67307] Reached max children process limit: 6, extra: 2, current: 8, busy: 8, please increase LSAPI_CHILDREN.
[UID:2123][67307] Reached max children process limit: 6, extra: 2, current: 8, busy: 8, please increase LSAPI_CHILDREN.
[UID:2123][67307] Reached max children process limit: 6, extra: 2, current: 8, busy: 8, please increase LSAPI_CHILDREN.
[UID:2123][67307] Reached max children process limit: 6, extra: 2, current: 8, busy: 8, please increase LSAPI_CHILDREN.
[UID:2123][67307] Reached max children process limit: 6, extra: 2, current: 8, busy: 8, please increase LSAPI_CHILDREN.
[UID:2123][67307] Reached max children process limit: 6, extra: 2, current: 8, busy: 8, please increase LSAPI_CHILDREN.
[UID:2123][67307] Reached max children process limit: 6, extra: 2, current: 8, busy: 8, please increase LSAPI_CHILDREN.
[UID:2123][67307] Reached max children process limit: 6, extra: 2, current: 8, busy: 7, please increase LSAPI_CHILDREN.
[UID:2123][67307] Reached max children process limit: 6, extra: 2, current: 8, busy: 8, please increase LSAPI_CHILDREN.
/home2/techprog/virtualenv/therapypoint/3.12/lib/python3.12/site-packages/django_q/conf.py:8: UserWarning: pkg_resources is deprecated as an API. See https://setuptools.pypa.io/en/latest/pkg_resources.html. The pkg_resources package is slated for removal as early as 2025-11-30. Refrain from using this package or pin to Setuptools<81.
  import pkg_resources
/home2/techprog/virtualenv/therapypoint/3.12/lib/python3.12/site-packages/django_q/conf.py:8: UserWarning: pkg_resources is deprecated as an API. See https://setuptools.pypa.io/en/latest/pkg_resources.html. The pkg_resources package is slated for removal as early as 2025-11-30. Refrain from using this package or pin to Setuptools<81.
  import pkg_resources
/home2/techprog/virtualenv/therapypoint/3.12/lib/python3.12/site-packages/django_q/conf.py:8: UserWarning: pkg_resources is deprecated as an API. See https://setuptools.pypa.io/en/latest/pkg_resources.html. The pkg_resources package is slated for removal as early as 2025-11-30. Refrain from using this package or pin to Setuptools<81.
  import pkg_resources
[UID:2123][343219] Reached max children process limit: 6, extra: 2, current: 8, busy: 7, please increase LSAPI_CHILDREN.
[UID:2123][343219] Reached max children process limit: 6, extra: 2, current: 8, busy: 8, please increase LSAPI_CHILDREN.
[UID:2123][343219] Reached max children process limit: 6, extra: 2, current: 8, busy: 8, please increase LSAPI_CHILDREN.
[UID:2123][343219] Reached max children process limit: 6, extra: 2, current: 8, busy: 8, please increase LSAPI_CHILDREN.
[UID:2123][343219] Reached max children process limit: 6, extra: 2, current: 8, busy: 8, please increase LSAPI_CHILDREN.
[UID:2123][343219] Reached max children process limit: 6, extra: 2, current: 8, busy: 8, please increase LSAPI_CHILDREN.
[UID:2123][343219] Reached max children process limit: 6, extra: 2, current: 8, busy: 8, please increase LSAPI_CHILDREN.
[UID:2123][343219] Reached max children process limit: 6, extra: 2, current: 8, busy: 8, please increase LSAPI_CHILDREN.
[UID:2123][343219] Reached max children process limit: 6, extra: 2, current: 8, busy: 8, please increase LSAPI_CHILDREN.
[UID:2123][343219] Reached max children process limit: 6, extra: 2, current: 8, busy: 8, please increase LSAPI_CHILDREN.
[UID:2123][343219] Reached max children process limit: 6, extra: 2, current: 8, busy: 8, please increase LSAPI_CHILDREN.
[UID:2123][343219] Reached max children process limit: 6, extra: 2, current: 8, busy: 7, please increase LSAPI_CHILDREN.
[UID:2123][343219] Reached max children process limit: 6, extra: 2, current: 8, busy: 8, please increase LSAPI_CHILDREN.
[UID:2123][343219] Reached max children process limit: 6, extra: 2, current: 8, busy: 8, please increase LSAPI_CHILDREN.
[UID:2123][343219] Reached max children process limit: 6, extra: 2, current: 8, busy: 8, please increase LSAPI_CHILDREN.
[UID:2123][343219] Reached max children process limit: 6, extra: 2, current: 8, busy: 8, please increase LSAPI_CHILDREN.
[UID:2123][343219] Reached max children process limit: 6, extra: 2, current: 8, busy: 8, please increase LSAPI_CHILDREN.
[UID:2123][343219] Reached max children process limit: 6, extra: 2, current: 8, busy: 8, please increase LSAPI_CHILDREN.
[UID:2123][343219] Reached max children process limit: 6, extra: 2, current: 8, busy: 8, please increase LSAPI_CHILDREN.
[UID:2123][343219] Reached max children process limit: 6, extra: 2, current: 8, busy: 8, please increase LSAPI_CHILDREN.
[UID:2123][343219] Reached max children process limit: 6, extra: 2, current: 8, busy: 8, please increase LSAPI_CHILDREN.
/home2/techprog/virtualenv/therapypoint/3.12/lib/python3.12/site-packages/django_q/conf.py:8: UserWarning: pkg_resources is deprecated as an API. See https://setuptools.pypa.io/en/latest/pkg_resources.html. The pkg_resources package is slated for removal as early as 2025-11-30. Refrain from using this package or pin to Setuptools<81.
  import pkg_resources
/home2/techprog/virtualenv/therapypoint/3.12/lib/python3.12/site-packages/django_q/conf.py:8: UserWarning: pkg_resources is deprecated as an API. See https://setuptools.pypa.io/en/latest/pkg_resources.html. The pkg_resources package is slated for removal as early as 2025-11-30. Refrain from using this package or pin to Setuptools<81.
  import pkg_resources
/home2/techprog/virtualenv/therapypoint/3.12/lib/python3.12/site-packages/django_q/conf.py:8: UserWarning: pkg_resources is deprecated as an API. See https://setuptools.pypa.io/en/latest/pkg_resources.html. The pkg_resources package is slated for removal as early as 2025-11-30. Refrain from using this package or pin to Setuptools<81.
  import pkg_resources
[UID:2123][504845] Reached max children process limit: 6, extra: 2, current: 8, busy: 7, please increase LSAPI_CHILDREN.
[UID:2123][504845] Reached max children process limit: 6, extra: 2, current: 8, busy: 8, please increase LSAPI_CHILDREN.
[UID:2123][504845] Reached max children process limit: 6, extra: 2, current: 8, busy: 8, please increase LSAPI_CHILDREN.
[UID:2123][504845] Reached max children process limit: 6, extra: 2, current: 8, busy: 8, please increase LSAPI_CHILDREN.
[UID:2123][504845] Reached max children process limit: 6, extra: 2, current: 8, busy: 8, please increase LSAPI_CHILDREN.
[UID:2123][504845] Reached max children process limit: 6, extra: 2, current: 8, busy: 8, please increase LSAPI_CHILDREN.
[UID:2123][504845] Reached max children process limit: 6, extra: 2, current: 8, busy: 8, please increase LSAPI_CHILDREN.
[UID:2123][504845] Reached max children process limit: 6, extra: 2, current: 8, busy: 8, please increase LSAPI_CHILDREN.
[UID:2123][504845] Reached max children process limit: 6, extra: 2, current: 8, busy: 8, please increase LSAPI_CHILDREN.
[UID:2123][504845] Reached max children process limit: 6, extra: 2, current: 8, busy: 8, please increase LSAPI_CHILDREN.
[UID:2123][504845] Reached max children process limit: 6, extra: 2, current: 8, busy: 8, please increase LSAPI_CHILDREN.
[UID:2123][504845] Reached max children process limit: 6, extra: 2, current: 8, busy: 8, please increase LSAPI_CHILDREN.
[UID:2123][504845] Reached max children process limit: 6, extra: 2, current: 8, busy: 8, please increase LSAPI_CHILDREN.
[UID:2123][504845] Reached max children process limit: 6, extra: 2, current: 8, busy: 8, please increase LSAPI_CHILDREN.
[UID:2123][504845] Reached max children process limit: 6, extra: 2, current: 8, busy: 8, please increase LSAPI_CHILDREN.
[UID:2123][504845] Reached max children process limit: 6, extra: 2, current: 8, busy: 8, please increase LSAPI_CHILDREN.
[UID:2123][504845] Reached max children process limit: 6, extra: 2, current: 8, busy: 8, please increase LSAPI_CHILDREN.
/home2/techprog/virtualenv/therapypoint/3.12/lib/python3.12/site-packages/django_q/conf.py:8: UserWarning: pkg_resources is deprecated as an API. See https://setuptools.pypa.io/en/latest/pkg_resources.html. The pkg_resources package is slated for removal as early as 2025-11-30. Refrain from using this package or pin to Setuptools<81.
  import pkg_resources
[UID:2123][1996143] Reached max children process limit: 6, extra: 2, current: 8, busy: 7, please increase LSAPI_CHILDREN.
[UID:2123][1996143] Reached max children process limit: 6, extra: 2, current: 8, busy: 8, please increase LSAPI_CHILDREN.
[UID:2123][1996143] Reached max children process limit: 6, extra: 2, current: 8, busy: 7, please increase LSAPI_CHILDREN.
[UID:2123][1996143] Reached max children process limit: 6, extra: 2, current: 8, busy: 7, please increase LSAPI_CHILDREN.
[UID:2123][1996143] Reached max children process limit: 6, extra: 2, current: 8, busy: 8, please increase LSAPI_CHILDREN.
[UID:2123][1996143] Reached max children process limit: 6, extra: 2, current: 8, busy: 8, please increase LSAPI_CHILDREN.
[UID:2123][1996143] Reached max children process limit: 6, extra: 2, current: 8, busy: 7, please increase LSAPI_CHILDREN.
[UID:2123][1996143] Reached max children process limit: 6, extra: 2, current: 8, busy: 8, please increase LSAPI_CHILDREN.
[UID:2123][1996143] Reached max children process limit: 6, extra: 2, current: 8, busy: 8, please increase LSAPI_CHILDREN.
[UID:2123][1996143] Reached max children process limit: 6, extra: 2, current: 8, busy: 8, please increase LSAPI_CHILDREN.
[UID:2123][1996143] Reached max children process limit: 6, extra: 2, current: 8, busy: 8, please increase LSAPI_CHILDREN.
[UID:2123][1996143] Reached max children process limit: 6, extra: 2, current: 8, busy: 8, please increase LSAPI_CHILDREN.
[UID:2123][1996143] Reached max children process limit: 6, extra: 2, current: 8, busy: 8, please increase LSAPI_CHILDREN.
[UID:2123][1996143] Reached max children process limit: 6, extra: 2, current: 8, busy: 8, please increase LSAPI_CHILDREN.
[UID:2123][1996143] Reached max children process limit: 6, extra: 2, current: 8, busy: 8, please increase LSAPI_CHILDREN.
[UID:2123][1996143] Reached max children process limit: 6, extra: 2, current: 8, busy: 8, please increase LSAPI_CHILDREN.
[UID:2123][1996143] Reached max children process limit: 6, extra: 2, current: 8, busy: 8, please increase LSAPI_CHILDREN.
[UID:2123][1996143] Reached max children process limit: 6, extra: 2, current: 8, busy: 8, please increase LSAPI_CHILDREN.
[UID:2123][1996143] Reached max children process limit: 6, extra: 2, current: 8, busy: 8, please increase LSAPI_CHILDREN.
[UID:2123][1996143] Reached max children process limit: 6, extra: 2, current: 8, busy: 8, please increase LSAPI_CHILDREN.
[UID:2123][1996143] Reached max children process limit: 6, extra: 2, current: 8, busy: 8, please increase LSAPI_CHILDREN.
[UID:2123][1996143] Reached max children process limit: 6, extra: 2, current: 8, busy: 8, please increase LSAPI_CHILDREN.
/home2/techprog/virtualenv/therapypoint/3.12/lib/python3.12/site-packages/django_q/conf.py:8: UserWarning: pkg_resources is deprecated as an API. See https://setuptools.pypa.io/en/latest/pkg_resources.html. The pkg_resources package is slated for removal as early as 2025-11-30. Refrain from using this package or pin to Setuptools<81.
  import pkg_resources
[UID:2123][4168569] Reached max children process limit: 6, extra: 2, current: 8, busy: 7, please increase LSAPI_CHILDREN.
[UID:2123][4168569] Reached max children process limit: 6, extra: 2, current: 8, busy: 8, please increase LSAPI_CHILDREN.
[UID:2123][4168569] Reached max children process limit: 6, extra: 2, current: 8, busy: 8, please increase LSAPI_CHILDREN.
[UID:2123][4168569] Reached max children process limit: 6, extra: 2, current: 8, busy: 8, please increase LSAPI_CHILDREN.
[UID:2123][4168569] Reached max children process limit: 6, extra: 2, current: 8, busy: 8, please increase LSAPI_CHILDREN.
[UID:2123][4168569] Reached max children process limit: 6, extra: 2, current: 8, busy: 8, please increase LSAPI_CHILDREN.
[UID:2123][4168569] Reached max children process limit: 6, extra: 2, current: 8, busy: 8, please increase LSAPI_CHILDREN.
[UID:2123][4168569] Reached max children process limit: 6, extra: 2, current: 8, busy: 8, please increase LSAPI_CHILDREN.
[UID:2123][4168569] Reached max children process limit: 6, extra: 2, current: 8, busy: 8, please increase LSAPI_CHILDREN.
[UID:2123][4168569] Reached max children process limit: 6, extra: 2, current: 8, busy: 8, please increase LSAPI_CHILDREN.
[UID:2123][4168569] Reached max children process limit: 6, extra: 2, current: 8, busy: 8, please increase LSAPI_CHILDREN.
[UID:2123][4168569] Reached max children process limit: 6, extra: 2, current: 8, busy: 8, please increase LSAPI_CHILDREN.
[UID:2123][4168569] Reached max children process limit: 6, extra: 2, current: 8, busy: 8, please increase LSAPI_CHILDREN.
[UID:2123][4168569] Reached max children process limit: 6, extra: 2, current: 8, busy: 7, please increase LSAPI_CHILDREN.
[UID:2123][4168569] Reached max children process limit: 6, extra: 2, current: 8, busy: 8, please increase LSAPI_CHILDREN.
[UID:2123][4168569] Reached max children process limit: 6, extra: 2, current: 8, busy: 8, please increase LSAPI_CHILDREN.
[UID:2123][4168569] Reached max children process limit: 6, extra: 2, current: 8, busy: 8, please increase LSAPI_CHILDREN.
[UID:2123][4168569] Reached max children process limit: 6, extra: 2, current: 8, busy: 8, please increase LSAPI_CHILDREN.
[UID:2123][4168569] Reached max children process limit: 6, extra: 2, current: 8, busy: 8, please increase LSAPI_CHILDREN.
[UID:2123][4168569] Reached max children process limit: 6, extra: 2, current: 8, busy: 8, please increase LSAPI_CHILDREN.
/home2/techprog/virtualenv/therapypoint/3.12/lib/python3.12/site-packages/django_q/conf.py:8: UserWarning: pkg_resources is deprecated as an API. See https://setuptools.pypa.io/en/latest/pkg_resources.html. The pkg_resources package is slated for removal as early as 2025-11-30. Refrain from using this package or pin to Setuptools<81.
  import pkg_resources
Traceback (most recent call last):
  File "/home2/techprog/therapypoint/passenger_wsgi.py", line 7, in <module>
    from myproject.wsgi import application
  File "/home2/techprog/therapypoint/myproject/wsgi.py", line 16, in <module>
    application = get_wsgi_application()
                  ^^^^^^^^^^^^^^^^^^^^^^
  File "/home2/techprog/virtualenv/therapypoint/3.12/lib/python3.12/site-packages/django/core/wsgi.py", line 13, in get_wsgi_application
    return WSGIHandler()
           ^^^^^^^^^^^^^
  File "/home2/techprog/virtualenv/therapypoint/3.12/lib/python3.12/site-packages/django/core/handlers/wsgi.py", line 118, in __init__
    self.load_middleware()
  File "/home2/techprog/virtualenv/therapypoint/3.12/lib/python3.12/site-packages/django/core/handlers/base.py", line 61, in load_middleware
    mw_instance = middleware(adapted_handler)
                  ^^^^^^^^^^^^^^^^^^^^^^^^^^^
  File "/home2/techprog/virtualenv/therapypoint/3.12/lib/python3.12/site-packages/whitenoise/middleware.py", line 104, in __init__
    self.add_files(self.static_root, prefix=self.static_prefix)
  File "/home2/techprog/virtualenv/therapypoint/3.12/lib/python3.12/site-packages/whitenoise/base.py", line 107, in add_files
    self.update_files_dictionary(root, prefix)
  File "/home2/techprog/virtualenv/therapypoint/3.12/lib/python3.12/site-packages/whitenoise/base.py", line 114, in update_files_dictionary
    stat_cache = dict(scantree(root))
                 ^^^^^^^^^^^^^^^^^^^^
  File "/home2/techprog/virtualenv/therapypoint/3.12/lib/python3.12/site-packages/whitenoise/base.py", line 265, in scantree
    yield entry.path, entry.stat()
                      ^^^^^^^^^^^^
PermissionError: [Errno 13] Permission denied: '/home2/techprog/therapypoint/public/static/prepros-6.config'
Traceback (most recent call last):
  File "/home2/techprog/therapypoint/passenger_wsgi.py", line 7, in <module>
    from myproject.wsgi import application
  File "/home2/techprog/therapypoint/myproject/wsgi.py", line 16, in <module>
    application = get_wsgi_application()
                  ^^^^^^^^^^^^^^^^^^^^^^
  File "/home2/techprog/virtualenv/therapypoint/3.12/lib/python3.12/site-packages/django/core/wsgi.py", line 13, in get_wsgi_application
    return WSGIHandler()
           ^^^^^^^^^^^^^
  File "/home2/techprog/virtualenv/therapypoint/3.12/lib/python3.12/site-packages/django/core/handlers/wsgi.py", line 118, in __init__
    self.load_middleware()
  File "/home2/techprog/virtualenv/therapypoint/3.12/lib/python3.12/site-packages/django/core/handlers/base.py", line 61, in load_middleware
    mw_instance = middleware(adapted_handler)
                  ^^^^^^^^^^^^^^^^^^^^^^^^^^^
  File "/home2/techprog/virtualenv/therapypoint/3.12/lib/python3.12/site-packages/whitenoise/middleware.py", line 104, in __init__
    self.add_files(self.static_root, prefix=self.static_prefix)
  File "/home2/techprog/virtualenv/therapypoint/3.12/lib/python3.12/site-packages/whitenoise/base.py", line 107, in add_files
    self.update_files_dictionary(root, prefix)
  File "/home2/techprog/virtualenv/therapypoint/3.12/lib/python3.12/site-packages/whitenoise/base.py", line 114, in update_files_dictionary
    stat_cache = dict(scantree(root))
                 ^^^^^^^^^^^^^^^^^^^^
  File "/home2/techprog/virtualenv/therapypoint/3.12/lib/python3.12/site-packages/whitenoise/base.py", line 265, in scantree
    yield entry.path, entry.stat()
                      ^^^^^^^^^^^^
PermissionError: [Errno 13] Permission denied: '/home2/techprog/therapypoint/public/static/prepros-6.config'
Traceback (most recent call last):
  File "/home2/techprog/therapypoint/passenger_wsgi.py", line 7, in <module>
    from myproject.wsgi import application
  File "/home2/techprog/therapypoint/myproject/wsgi.py", line 16, in <module>
    application = get_wsgi_application()
                  ^^^^^^^^^^^^^^^^^^^^^^
  File "/home2/techprog/virtualenv/therapypoint/3.12/lib/python3.12/site-packages/django/core/wsgi.py", line 13, in get_wsgi_application
    return WSGIHandler()
           ^^^^^^^^^^^^^
  File "/home2/techprog/virtualenv/therapypoint/3.12/lib/python3.12/site-packages/django/core/handlers/wsgi.py", line 118, in __init__
    self.load_middleware()
  File "/home2/techprog/virtualenv/therapypoint/3.12/lib/python3.12/site-packages/django/core/handlers/base.py", line 61, in load_middleware
    mw_instance = middleware(adapted_handler)
                  ^^^^^^^^^^^^^^^^^^^^^^^^^^^
  File "/home2/techprog/virtualenv/therapypoint/3.12/lib/python3.12/site-packages/whitenoise/middleware.py", line 104, in __init__
    self.add_files(self.static_root, prefix=self.static_prefix)
  File "/home2/techprog/virtualenv/therapypoint/3.12/lib/python3.12/site-packages/whitenoise/base.py", line 107, in add_files
    self.update_files_dictionary(root, prefix)
  File "/home2/techprog/virtualenv/therapypoint/3.12/lib/python3.12/site-packages/whitenoise/base.py", line 114, in update_files_dictionary
    stat_cache = dict(scantree(root))
               Traceback (most recent call last):
  ^^^^^^  File "/home2/techprog/therapypoint/passenger_wsgi.py", line 7, in <module>
^^^^^^^^^^^^^^
  File "/home2/techprog/virtualenv/therapypoint/3.12/lib/python3.12/site-packages/whitenoise/base.py", line 265, in scantree
    yield entry.path, entry.stat()
                      ^^    ^^^from myproject.wsgi import application^^^
^^^^
PermissionError: [Errno 13] Permission denied: '/home2/techprog/therapypoint/public/static/prepros-6.config'
  File "/home2/techprog/therapypoint/myproject/wsgi.py", line 16, in <module>
    application = get_wsgi_application()
Traceback (most recent call last):
    File "/home2/techprog/therapypoint/passenger_wsgi.py", line 7, in <module>
                ^^^^^^^^^^^^^^^    ^^from myproject.wsgi import application^
^^^^
  File "/home2/techprog/therapypoint/myproject/wsgi.py", line 16, in <module>
  File "/home2/techprog/virtualenv/therapypoint/3.12/lib/python3.12/site-packages/django/core/wsgi.py", line 13, in get_wsgi_application
    application = get_wsgi_application()
    return WSGIHandler()
                             ^^^^^^^^^^^^^^^^^^^^^^^^^^^^^^
^^^^  File "/home2/techprog/virtualenv/therapypoint/3.12/lib/python3.12/site-packages/django/core/handlers/wsgi.py", line 118, in __init__
^
  File "/home2/techprog/virtualenv/therapypoint/3.12/lib/python3.12/site-packages/django/core/wsgi.py", line 13, in get_wsgi_application
        self.load_middleware()return WSGIHandler()

      File "/home2/techprog/virtualenv/therapypoint/3.12/lib/python3.12/site-packages/django/core/handlers/base.py", line 61, in load_middleware
       ^^^^^^^^^^^^^
    mw_instance = middleware(adapted_handler)  File "/home2/techprog/virtualenv/therapypoint/3.12/lib/python3.12/site-packages/django/core/handlers/wsgi.py", line 118, in __init__

           Traceback (most recent call last):
       self.load_middleware()   File "/home2/techprog/therapypoint/passenger_wsgi.py", line 7, in <module>

   ^^^^^^  File "/home2/techprog/virtualenv/therapypoint/3.12/lib/python3.12/site-packages/django/core/handlers/base.py", line 61, in load_middleware
^^^^^^^^^^^^^^^^^^^^^    
mw_instance = middleware(adapted_handler)
  File "/home2/techprog/virtualenv/therapypoint/3.12/lib/python3.12/site-packages/whitenoise/middleware.py", line 104, in __init__
    from myproject.wsgi import application 
         File "/home2/techprog/therapypoint/myproject/wsgi.py", line 16, in <module>
          ^    ^^self.add_files(self.static_root, prefix=self.static_prefix)^
^^^^^^^^^    ^application = get_wsgi_application()^  File "/home2/techprog/virtualenv/therapypoint/3.12/lib/python3.12/site-packages/whitenoise/base.py", line 107, in add_files

^^^^^^ ^ ^ ^ ^ ^ ^ 
      File "/home2/techprog/virtualenv/therapypoint/3.12/lib/python3.12/site-packages/whitenoise/middleware.py", line 104, in __init__
        self.update_files_dictionary(root, prefix) 
  ^^^^^^  File "/home2/techprog/virtualenv/therapypoint/3.12/lib/python3.12/site-packages/whitenoise/base.py", line 114, in update_files_dictionary
^^^^^^^    ^^self.add_files(self.static_root, prefix=self.static_prefix)^
^^^^^^
      File "/home2/techprog/virtualenv/therapypoint/3.12/lib/python3.12/site-packages/django/core/wsgi.py", line 13, in get_wsgi_application
stat_cache = dict(scantree(root))  File "/home2/techprog/virtualenv/therapypoint/3.12/lib/python3.12/site-packages/whitenoise/base.py", line 107, in add_files

                    return WSGIHandler() self.update_files_dictionary(root, prefix)
 
   ^ ^  ^   File "/home2/techprog/virtualenv/therapypoint/3.12/lib/python3.12/site-packages/whitenoise/base.py", line 114, in update_files_dictionary
^ ^ ^   ^ ^ ^^^^^^^^^^^^^^^^    ^^^^stat_cache = dict(scantree(root))^^
^^
^
  File "/home2/techprog/virtualenv/therapypoint/3.12/lib/python3.12/site-packages/whitenoise/base.py", line 265, in scantree
   File "/home2/techprog/virtualenv/therapypoint/3.12/lib/python3.12/site-packages/django/core/handlers/wsgi.py", line 118, in __init__
                ^^^^^^^    ^self.load_middleware()^
^^^^^^^    ^^yield entry.path, entry.stat()  File "/home2/techprog/virtualenv/therapypoint/3.12/lib/python3.12/site-packages/django/core/handlers/base.py", line 61, in load_middleware
^
^
  File "/home2/techprog/virtualenv/therapypoint/3.12/lib/python3.12/site-packages/whitenoise/base.py", line 265, in scantree
                     mw_instance = middleware(adapted_handler) 
    ^^^ ^ ^     ^ yield entry.path, entry.stat()^ 
^ ^ ^ ^  ^  
      PermissionError    :     [Errno 13] Permission denied: '/home2/techprog/therapypoint/public/static/prepros-6.config'  
^ ^ ^ ^ ^ ^ ^ ^ ^ ^ ^ ^ ^^^^^^^^^^^^^^^^^^^^^^^^^
^^
PermissionError: [Errno 13] Permission denied: '/home2/techprog/therapypoint/public/static/prepros-6.config'  File "/home2/techprog/virtualenv/therapypoint/3.12/lib/python3.12/site-packages/whitenoise/middleware.py", line 104, in __init__

    self.add_files(self.static_root, prefix=self.static_prefix)
  File "/home2/techprog/virtualenv/therapypoint/3.12/lib/python3.12/site-packages/whitenoise/base.py", line 107, in add_files
    self.update_files_dictionary(root, prefix)
  File "/home2/techprog/virtualenv/therapypoint/3.12/lib/python3.12/site-packages/whitenoise/base.py", line 114, in update_files_dictionary
    stat_cache = dict(scantree(root))
                 ^^^^^^^^^^^^^^^^^^^^
  File "/home2/techprog/virtualenv/therapypoint/3.12/lib/python3.12/site-packages/whitenoise/base.py", line 265, in scantree
[UID:2123][129321] Child process with pid: 129594 was killed by signal: 15, core dumped: no
    yield entry.path, entry.stat()
                      ^^^^^^^^^^^^
PermissionError: [Errno 13] Permission denied: '/home2/techprog/therapypoint/public/static/prepros-6.config'
[UID:2123][129321] Child process with pid: 129591 was killed by signal: 15, core dumped: no
[UID:2123][129321] Child process with pid: 129595 was killed by signal: 15, core dumped: no
[UID:2123][129321] Child process with pid: 129592 was killed by signal: 15, core dumped: no
[UID:2123][129321] Child process with pid: 129599 was killed by signal: 15, core dumped: no
Traceback (most recent call last):
  File "/home2/techprog/therapypoint/passenger_wsgi.py", line 7, in <module>
    from myproject.wsgi import application
  File "/home2/techprog/therapypoint/myproject/wsgi.py", line 16, in <module>
    application = get_wsgi_application()
                  ^^^^^^^^^^^^^^^^^^^^^^
  File "/home2/techprog/virtualenv/therapypoint/3.12/lib/python3.12/site-packages/django/core/wsgi.py", line 13, in get_wsgi_application
    return WSGIHandler()
           ^^^^^^^^^^^^^
  File "/home2/techprog/virtualenv/therapypoint/3.12/lib/python3.12/site-packages/django/core/handlers/wsgi.py", line 118, in __init__
    self.load_middleware()
  File "/home2/techprog/virtualenv/therapypoint/3.12/lib/python3.12/site-packages/django/core/handlers/base.py", line 61, in load_middleware
    mw_instance = middleware(adapted_handler)
                  ^^^^^^^^^^^^^^^^^^^^^^^^^^^
  File "/home2/techprog/virtualenv/therapypoint/3.12/lib/python3.12/site-packages/whitenoise/middleware.py", line 104, in __init__
    self.add_files(self.static_root, prefix=self.static_prefix)
  File "/home2/techprog/virtualenv/therapypoint/3.12/lib/python3.12/site-packages/whitenoise/base.py", line 107, in add_files
    self.update_files_dictionary(root, prefix)
  File "/home2/techprog/virtualenv/therapypoint/3.12/lib/python3.12/site-packages/whitenoise/base.py", line 114, in update_files_dictionary
    stat_cache = dict(scantree(root))
                 ^^^^^^^^^^^^^^^^^^^^
  File "/home2/techprog/virtualenv/therapypoint/3.12/lib/python3.12/site-packages/whitenoise/base.py", line 265, in scantree
    yield entry.path, entry.stat()
                      ^^^^^^^^^^^^
PermissionError: [Errno 13] Permission denied: '/home2/techprog/therapypoint/public/static/prepros-6.config'
[UID:2123][129321] Child process with pid: 131572 was killed by signal: 15, core dumped: no
Traceback (most recent call last):
  File "/home2/techprog/therapypoint/passenger_wsgi.py", line 7, in <module>
    from myproject.wsgi import application
  File "/home2/techprog/therapypoint/myproject/wsgi.py", line 16, in <module>
    application = get_wsgi_application()
                  ^^^^^^^^^^^^^^^^^^^^^^
  File "/home2/techprog/virtualenv/therapypoint/3.12/lib/python3.12/site-packages/django/core/wsgi.py", line 13, in get_wsgi_application
    return WSGIHandler()
           ^^^^^^^^^^^^^
  File "/home2/techprog/virtualenv/therapypoint/3.12/lib/python3.12/site-packages/django/core/handlers/wsgi.py", line 118, in __init__
    self.load_middleware()
  File "/home2/techprog/virtualenv/therapypoint/3.12/lib/python3.12/site-packages/django/core/handlers/base.py", line 61, in load_middleware
    mw_instance = middleware(adapted_handler)
                  ^^^^^^^^^^^^^^^^^^^^^^^^^^^
  File "/home2/techprog/virtualenv/therapypoint/3.12/lib/python3.12/site-packages/whitenoise/middleware.py", line 104, in __init__
    self.add_files(self.static_root, prefix=self.static_prefix)
  File "/home2/techprog/virtualenv/therapypoint/3.12/lib/python3.12/site-packages/whitenoise/base.py", line 107, in add_files
    self.update_files_dictionary(root, prefix)
  File "/home2/techprog/virtualenv/therapypoint/3.12/lib/python3.12/site-packages/whitenoise/base.py", line 114, in update_files_dictionary
    stat_cache = dict(scantree(root))
                 ^^^^^^^^^^^^^^^^^^^^
  File "/home2/techprog/virtualenv/therapypoint/3.12/lib/python3.12/site-packages/whitenoise/base.py", line 265, in scantree
    yield entry.path, entry.stat()
                      ^^^^^^^^^^^^
PermissionError: [Errno 13] Permission denied: '/home2/techprog/therapypoint/public/static/prepros-6.config'
[UID:2123][129321] Child process with pid: 132050 was killed by signal: 15, core dumped: no
Traceback (most recent call last):
  File "/home2/techprog/therapypoint/passenger_wsgi.py", line 7, in <module>
    from myproject.wsgi import application
  File "/home2/techprog/therapypoint/myproject/wsgi.py", line 16, in <module>
    application = get_wsgi_application()
                  ^^^^^^^^^^^^^^^^^^^^^^
  File "/home2/techprog/virtualenv/therapypoint/3.12/lib/python3.12/site-packages/django/core/wsgi.py", line 13, in get_wsgi_application
    return WSGIHandler()
           ^^^^^^^^^^^^^
  File "/home2/techprog/virtualenv/therapypoint/3.12/lib/python3.12/site-packages/django/core/handlers/wsgi.py", line 118, in __init__
    self.load_middleware()
  File "/home2/techprog/virtualenv/therapypoint/3.12/lib/python3.12/site-packages/django/core/handlers/base.py", line 61, in load_middleware
    mw_instance = middleware(adapted_handler)
                  ^^^^^^^^^^^^^^^^^^^^^^^^^^^
  File "/home2/techprog/virtualenv/therapypoint/3.12/lib/python3.12/site-packages/whitenoise/middleware.py", line 104, in __init__
    self.add_files(self.static_root, prefix=self.static_prefix)
  File "/home2/techprog/virtualenv/therapypoint/3.12/lib/python3.12/site-packages/whitenoise/base.py", line 107, in add_files
    self.update_files_dictionary(root, prefix)
  File "/home2/techprog/virtualenv/therapypoint/3.12/lib/python3.12/site-packages/whitenoise/base.py", line 114, in update_files_dictionary
    stat_cache = dict(scantree(root))
                 ^^^^^^^^^^^^^^^^^^^^
  File "/home2/techprog/virtualenv/therapypoint/3.12/lib/python3.12/site-packages/whitenoise/base.py", line 265, in scantree
    yield entry.path, entry.stat()
                      ^^^^^^^^^^^^
PermissionError: [Errno 13] Permission denied: '/home2/techprog/therapypoint/public/static/prepros-6.config'
[UID:2123][129321] Child process with pid: 134724 was killed by signal: 15, core dumped: no
Traceback (most recent call last):
  File "/home2/techprog/therapypoint/passenger_wsgi.py", line 7, in <module>
    from myproject.wsgi import application
  File "/home2/techprog/therapypoint/myproject/wsgi.py", line 16, in <module>
    application = get_wsgi_application()
                  ^^^^^^^^^^^^^^^^^^^^^^
  File "/home2/techprog/virtualenv/therapypoint/3.12/lib/python3.12/site-packages/django/core/wsgi.py", line 13, in get_wsgi_application
    return WSGIHandler()
           ^^^^^^^^^^^^^
  File "/home2/techprog/virtualenv/therapypoint/3.12/lib/python3.12/site-packages/django/core/handlers/wsgi.py", line 118, in __init__
    self.load_middleware()
  File "/home2/techprog/virtualenv/therapypoint/3.12/lib/python3.12/site-packages/django/core/handlers/base.py", line 61, in load_middleware
    mw_instance = middleware(adapted_handler)
                  ^^^^^^^^^^^^^^^^^^^^^^^^^^^
  File "/home2/techprog/virtualenv/therapypoint/3.12/lib/python3.12/site-packages/whitenoise/middleware.py", line 104, in __init__
    self.add_files(self.static_root, prefix=self.static_prefix)
  File "/home2/techprog/virtualenv/therapypoint/3.12/lib/python3.12/site-packages/whitenoise/base.py", line 107, in add_files
    self.update_files_dictionary(root, prefix)
  File "/home2/techprog/virtualenv/therapypoint/3.12/lib/python3.12/site-packages/whitenoise/base.py", line 114, in update_files_dictionary
    stat_cache = dict(scantree(root))
                 ^^^^^^^^^^^^^^^^^^^^
  File "/home2/techprog/virtualenv/therapypoint/3.12/lib/python3.12/site-packages/whitenoise/base.py", line 265, in scantree
    yield entry.path, entry.stat()
                      ^^^^^^^^^^^^
PermissionError: [Errno 13] Permission denied: '/home2/techprog/therapypoint/public/static/prepros-6.config'
[UID:2123][129321] Child process with pid: 135185 was killed by signal: 15, core dumped: no
Traceback (most recent call last):
  File "/home2/techprog/therapypoint/passenger_wsgi.py", line 7, in <module>
    from myproject.wsgi import application
  File "/home2/techprog/therapypoint/myproject/wsgi.py", line 16, in <module>
    application = get_wsgi_application()
                  ^^^^^^^^^^^^^^^^^^^^^^
  File "/home2/techprog/virtualenv/therapypoint/3.12/lib/python3.12/site-packages/django/core/wsgi.py", line 13, in get_wsgi_application
    return WSGIHandler()
           ^^^^^^^^^^^^^
  File "/home2/techprog/virtualenv/therapypoint/3.12/lib/python3.12/site-packages/django/core/handlers/wsgi.py", line 118, in __init__
    self.load_middleware()
  File "/home2/techprog/virtualenv/therapypoint/3.12/lib/python3.12/site-packages/django/core/handlers/base.py", line 61, in load_middleware
    mw_instance = middleware(adapted_handler)
                  ^^^^^^^^^^^^^^^^^^^^^^^^^^^
  File "/home2/techprog/virtualenv/therapypoint/3.12/lib/python3.12/site-packages/whitenoise/middleware.py", line 104, in __init__
    self.add_files(self.static_root, prefix=self.static_prefix)
  File "/home2/techprog/virtualenv/therapypoint/3.12/lib/python3.12/site-packages/whitenoise/base.py", line 107, in add_files
    self.update_files_dictionary(root, prefix)
  File "/home2/techprog/virtualenv/therapypoint/3.12/lib/python3.12/site-packages/whitenoise/base.py", line 114, in update_files_dictionary
    stat_cache = dict(scantree(root))
                 ^^^^^^^^^^^^^^^^^^^^
  File "/home2/techprog/virtualenv/therapypoint/3.12/lib/python3.12/site-packages/whitenoise/base.py", line 265, in scantree
    yield entry.path, entry.stat()
                      ^^^^^^^^^^^^
PermissionError: [Errno 13] Permission denied: '/home2/techprog/therapypoint/public/static/prepros-6.config'
[UID:2123][129321] Child process with pid: 135232 was killed by signal: 15, core dumped: no
/home2/techprog/virtualenv/therapypoint/3.12/lib/python3.12/site-packages/django_q/conf.py:8: UserWarning: pkg_resources is deprecated as an API. See https://setuptools.pypa.io/en/latest/pkg_resources.html. The pkg_resources package is slated for removal as early as 2025-11-30. Refrain from using this package or pin to Setuptools<81.
  import pkg_resources
/home2/techprog/virtualenv/therapypoint/3.12/lib/python3.12/site-packages/django_q/conf.py:8: UserWarning: pkg_resources is deprecated as an API. See https://setuptools.pypa.io/en/latest/pkg_resources.html. The pkg_resources package is slated for removal as early as 2025-11-30. Refrain from using this package or pin to Setuptools<81.
  import pkg_resources
/home2/techprog/virtualenv/therapypoint/3.12/lib/python3.12/site-packages/django_q/conf.py:8: UserWarning: pkg_resources is deprecated as an API. See https://setuptools.pypa.io/en/latest/pkg_resources.html. The pkg_resources package is slated for removal as early as 2025-11-30. Refrain from using this package or pin to Setuptools<81.
  import pkg_resources
/home2/techprog/virtualenv/therapypoint/3.12/lib/python3.12/site-packages/django_q/conf.py:8: UserWarning: pkg_resources is deprecated as an API. See https://setuptools.pypa.io/en/latest/pkg_resources.html. The pkg_resources package is slated for removal as early as 2025-11-30. Refrain from using this package or pin to Setuptools<81.
  import pkg_resources
/home2/techprog/virtualenv/therapypoint/3.12/lib/python3.12/site-packages/django_q/conf.py:8: UserWarning: pkg_resources is deprecated as an API. See https://setuptools.pypa.io/en/latest/pkg_resources.html. The pkg_resources package is slated for removal as early as 2025-11-30. Refrain from using this package or pin to Setuptools<81.
  import pkg_resources
/home2/techprog/virtualenv/therapypoint/3.12/lib/python3.12/site-packages/django_q/conf.py:8: UserWarning: pkg_resources is deprecated as an API. See https://setuptools.pypa.io/en/latest/pkg_resources.html. The pkg_resources package is slated for removal as early as 2025-11-30. Refrain from using this package or pin to Setuptools<81.
  import pkg_resources
/home2/techprog/virtualenv/therapypoint/3.12/lib/python3.12/site-packages/django_q/conf.py:8: UserWarning: pkg_resources is deprecated as an API. See https://setuptools.pypa.io/en/latest/pkg_resources.html. The pkg_resources package is slated for removal as early as 2025-11-30. Refrain from using this package or pin to Setuptools<81.
  import pkg_resources
/home2/techprog/virtualenv/therapypoint/3.12/lib/python3.12/site-packages/django_q/conf.py:8: UserWarning: pkg_resources is deprecated as an API. See https://setuptools.pypa.io/en/latest/pkg_resources.html. The pkg_resources package is slated for removal as early as 2025-11-30. Refrain from using this package or pin to Setuptools<81.
  import pkg_resources
/home2/techprog/virtualenv/therapypoint/3.12/lib/python3.12/site-packages/django_q/conf.py:8: UserWarning: pkg_resources is deprecated as an API. See https://setuptools.pypa.io/en/latest/pkg_resources.html. The pkg_resources package is slated for removal as early as 2025-11-30. Refrain from using this package or pin to Setuptools<81.
  import pkg_resources
/home2/techprog/virtualenv/therapypoint/3.12/lib/python3.12/site-packages/django_q/conf.py:8: UserWarning: pkg_resources is deprecated as an API. See https://setuptools.pypa.io/en/latest/pkg_resources.html. The pkg_resources package is slated for removal as early as 2025-11-30. Refrain from using this package or pin to Setuptools<81.
  import pkg_resources
/home2/techprog/virtualenv/therapypoint/3.12/lib/python3.12/site-packages/django_q/conf.py:8: UserWarning: pkg_resources is deprecated as an API. See https://setuptools.pypa.io/en/latest/pkg_resources.html. The pkg_resources package is slated for removal as early as 2025-11-30. Refrain from using this package or pin to Setuptools<81.
  import pkg_resources
/home2/techprog/virtualenv/therapypoint/3.12/lib/python3.12/site-packages/django_q/conf.py:8: UserWarning: pkg_resources is deprecated as an API. See https://setuptools.pypa.io/en/latest/pkg_resources.html. The pkg_resources package is slated for removal as early as 2025-11-30. Refrain from using this package or pin to Setuptools<81.
  import pkg_resources
/home2/techprog/virtualenv/therapypoint/3.12/lib/python3.12/site-packages/django_q/conf.py:8: UserWarning: pkg_resources is deprecated as an API. See https://setuptools.pypa.io/en/latest/pkg_resources.html. The pkg_resources package is slated for removal as early as 2025-11-30. Refrain from using this package or pin to Setuptools<81.
  import pkg_resources
/home2/techprog/virtualenv/therapypoint/3.12/lib/python3.12/site-packages/django_q/conf.py:8: UserWarning: pkg_resources is deprecated as an API. See https://setuptools.pypa.io/en/latest/pkg_resources.html. The pkg_resources package is slated for removal as early as 2025-11-30. Refrain from using this package or pin to Setuptools<81.
  import pkg_resources
OSError: LSAPI: File error
[UID:2123][3249181] Child process with pid: 3249474 was killed by signal: 15, core dumped: no
Not Found: /favicon.ico
/home2/techprog/virtualenv/therapypoint/3.12/lib/python3.12/site-packages/django_q/conf.py:8: UserWarning: pkg_resources is deprecated as an API. See https://setuptools.pypa.io/en/latest/pkg_resources.html. The pkg_resources package is slated for removal as early as 2025-11-30. Refrain from using this package or pin to Setuptools<81.
  import pkg_resources
/home2/techprog/virtualenv/therapypoint/3.12/lib/python3.12/site-packages/django_q/conf.py:8: UserWarning: pkg_resources is deprecated as an API. See https://setuptools.pypa.io/en/latest/pkg_resources.html. The pkg_resources package is slated for removal as early as 2025-11-30. Refrain from using this package or pin to Setuptools<81.
  import pkg_resources
/home2/techprog/virtualenv/therapypoint/3.12/lib/python3.12/site-packages/django_q/conf.py:8: UserWarning: pkg_resources is deprecated as an API. See https://setuptools.pypa.io/en/latest/pkg_resources.html. The pkg_resources package is slated for removal as early as 2025-11-30. Refrain from using this package or pin to Setuptools<81.
  import pkg_resources
Not Found: /favicon.ico
[UID:2123][3367961] Reached max children process limit: 6, extra: 2, current: 8, busy: 7, please increase LSAPI_CHILDREN.
[UID:2123][3367961] Reached max children process limit: 6, extra: 2, current: 8, busy: 8, please increase LSAPI_CHILDREN.
[UID:2123][3367961] Reached max children process limit: 6, extra: 2, current: 8, busy: 8, please increase LSAPI_CHILDREN.
[UID:2123][3367961] Reached max children process limit: 6, extra: 2, current: 8, busy: 8, please increase LSAPI_CHILDREN.
[UID:2123][3367961] Reached max children process limit: 6, extra: 2, current: 8, busy: 8, please increase LSAPI_CHILDREN.
[UID:2123][3367961] Reached max children process limit: 6, extra: 2, current: 8, busy: 8, please increase LSAPI_CHILDREN.
[UID:2123][3367961] Reached max children process limit: 6, extra: 2, current: 8, busy: 8, please increase LSAPI_CHILDREN.
[UID:2123][3367961] Reached max children process limit: 6, extra: 2, current: 8, busy: 8, please increase LSAPI_CHILDREN.
[UID:2123][3367961] Reached max children process limit: 6, extra: 2, current: 8, busy: 8, please increase LSAPI_CHILDREN.
[UID:2123][3367961] Reached max children process limit: 6, extra: 2, current: 8, busy: 8, please increase LSAPI_CHILDREN.
[UID:2123][3367961] Reached max children process limit: 6, extra: 2, current: 8, busy: 8, please increase LSAPI_CHILDREN.
[UID:2123][3367961] Reached max children process limit: 6, extra: 2, current: 8, busy: 8, please increase LSAPI_CHILDREN.
[UID:2123][3367961] Reached max children process limit: 6, extra: 2, current: 8, busy: 8, please increase LSAPI_CHILDREN.
[UID:2123][3367961] Reached max children process limit: 6, extra: 2, current: 8, busy: 8, please increase LSAPI_CHILDREN.
[UID:2123][3367961] Reached max children process limit: 6, extra: 2, current: 8, busy: 8, please increase LSAPI_CHILDREN.
[UID:2123][3367961] Reached max children process limit: 6, extra: 2, current: 8, busy: 8, please increase LSAPI_CHILDREN.
/home2/techprog/virtualenv/therapypoint/3.12/lib/python3.12/site-packages/django_q/conf.py:8: UserWarning: pkg_resources is deprecated as an API. See https://setuptools.pypa.io/en/latest/pkg_resources.html. The pkg_resources package is slated for removal as early as 2025-11-30. Refrain from using this package or pin to Setuptools<81.
  import pkg_resources
Not Found: /media//media/images/posts/7-Fun-and-Effective-Ways-to-Improve-Handwriting-Skills-at-Home-1024x1024.png
Not Found: /media//media/images/posts/1.png
Not Found: /media//media/images/posts/Intervention-2.jpg
Not Found: /media//media/images/posts/assesment-1.jpg
Not Found: /media//media/images/posts/Unlocking-the-Benefits-of-School-Based-Occupational-Therapy-for-Your-Child-_ngfhc4D.png
Not Found: /media//media/images/posts/8-Ways-to-Help-Your-Child-Build-Confidence-1024x1024.png
Not Found: /media//media/images/posts/The-Ultimate-Guide-to-Occupational-and-Speech-Therapy-for-Children-and-Adults.png
Not Found: /media//media/images/posts/therapy-service-occupation-1024x683.jpg
Not Found: /media//media/images/posts/Encouraging-Independence-1024x1024.png
/home2/techprog/virtualenv/therapypoint/3.12/lib/python3.12/site-packages/django_q/conf.py:8: UserWarning: pkg_resources is deprecated as an API. See https://setuptools.pypa.io/en/latest/pkg_resources.html. The pkg_resources package is slated for removal as early as 2025-11-30. Refrain from using this package or pin to Setuptools<81.
  import pkg_resources
Not Found: /media//media/images/posts/7-Fun-and-Effective-Ways-to-Improve-Handwriting-Skills-at-Home-1024x1024.png
Not Found: /media//media/images/posts/therapy-service-occupation-1024x683.jpg
Not Found: /media//media/images/posts/Intervention-2.jpg
Not Found: /media//media/images/posts/assesment-1.jpg
/home2/techprog/virtualenv/therapypoint/3.12/lib/python3.12/site-packages/django_q/conf.py:8: UserWarning: pkg_resources is deprecated as an API. See https://setuptools.pypa.io/en/latest/pkg_resources.html. The pkg_resources package is slated for removal as early as 2025-11-30. Refrain from using this package or pin to Setuptools<81.
  import pkg_resources
Not Found: /media//media/images/posts/Unlocking-the-Benefits-of-School-Based-Occupational-Therapy-for-Your-Child-_ngfhc4D.png
Not Found: /media//media/images/posts/1.png
Not Found: /media//media/images/posts/Encouraging-Independence-1024x1024.png
Not Found: /media//media/images/posts/The-Ultimate-Guide-to-Occupational-and-Speech-Therapy-for-Children-and-Adults.png
Not Found: /media//media/images/posts/8-Ways-to-Help-Your-Child-Build-Confidence-1024x1024.png
/home2/techprog/virtualenv/therapypoint/3.12/lib/python3.12/site-packages/django_q/conf.py:8: UserWarning: pkg_resources is deprecated as an API. See https://setuptools.pypa.io/en/latest/pkg_resources.html. The pkg_resources package is slated for removal as early as 2025-11-30. Refrain from using this package or pin to Setuptools<81.
  import pkg_resources
/home2/techprog/virtualenv/therapypoint/3.12/lib/python3.12/site-packages/django_q/conf.py:8: UserWarning: pkg_resources is deprecated as an API. See https://setuptools.pypa.io/en/latest/pkg_resources.html. The pkg_resources package is slated for removal as early as 2025-11-30. Refrain from using this package or pin to Setuptools<81.
  import pkg_resources
Not Found: /favicon.ico
/home2/techprog/virtualenv/therapypoint/3.12/lib/python3.12/site-packages/django_q/conf.py:8: UserWarning: pkg_resources is deprecated as an API. See https://setuptools.pypa.io/en/latest/pkg_resources.html. The pkg_resources package is slated for removal as early as 2025-11-30. Refrain from using this package or pin to Setuptools<81.
  import pkg_resources
/home2/techprog/virtualenv/therapypoint/3.12/lib/python3.12/site-packages/django_q/conf.py:8: UserWarning: pkg_resources is deprecated as an API. See https://setuptools.pypa.io/en/latest/pkg_resources.html. The pkg_resources package is slated for removal as early as 2025-11-30. Refrain from using this package or pin to Setuptools<81.
  import pkg_resources
Not Found: /static/vendor/bootstrap/js/bootstrap.bundle.min.js.map
/home2/techprog/virtualenv/therapypoint/3.12/lib/python3.12/site-packages/django_q/conf.py:8: UserWarning: pkg_resources is deprecated as an API. See https://setuptools.pypa.io/en/latest/pkg_resources.html. The pkg_resources package is slated for removal as early as 2025-11-30. Refrain from using this package or pin to Setuptools<81.
  import pkg_resources
Not Found: /favicon.ico
/home2/techprog/virtualenv/therapypoint/3.12/lib/python3.12/site-packages/django_q/conf.py:8: UserWarning: pkg_resources is deprecated as an API. See https://setuptools.pypa.io/en/latest/pkg_resources.html. The pkg_resources package is slated for removal as early as 2025-11-30. Refrain from using this package or pin to Setuptools<81.
  import pkg_resources
/home2/techprog/virtualenv/therapypoint/3.12/lib/python3.12/site-packages/django_q/conf.py:8: UserWarning: pkg_resources is deprecated as an API. See https://setuptools.pypa.io/en/latest/pkg_resources.html. The pkg_resources package is slated for removal as early as 2025-11-30. Refrain from using this package or pin to Setuptools<81.
  import pkg_resources
Not Found: /favicon.ico
/home2/techprog/virtualenv/therapypoint/3.12/lib/python3.12/site-packages/django_q/conf.py:8: UserWarning: pkg_resources is deprecated as an API. See https://setuptools.pypa.io/en/latest/pkg_resources.html. The pkg_resources package is slated for removal as early as 2025-11-30. Refrain from using this package or pin to Setuptools<81.
  import pkg_resources
Not Found: /favicon.ico
/home2/techprog/virtualenv/therapypoint/3.12/lib/python3.12/site-packages/django_q/conf.py:8: UserWarning: pkg_resources is deprecated as an API. See https://setuptools.pypa.io/en/latest/pkg_resources.html. The pkg_resources package is slated for removal as early as 2025-11-30. Refrain from using this package or pin to Setuptools<81.
  import pkg_resources
/home2/techprog/virtualenv/therapypoint/3.12/lib/python3.12/site-packages/django_q/conf.py:8: UserWarning: pkg_resources is deprecated as an API. See https://setuptools.pypa.io/en/latest/pkg_resources.html. The pkg_resources package is slated for removal as early as 2025-11-30. Refrain from using this package or pin to Setuptools<81.
  import pkg_resources
/home2/techprog/virtualenv/therapypoint/3.12/lib/python3.12/site-packages/django_q/conf.py:8: UserWarning: pkg_resources is deprecated as an API. See https://setuptools.pypa.io/en/latest/pkg_resources.html. The pkg_resources package is slated for removal as early as 2025-11-30. Refrain from using this package or pin to Setuptools<81.
  import pkg_resources
Not Found: /favicon.ico
/home2/techprog/virtualenv/therapypoint/3.12/lib/python3.12/site-packages/django_q/conf.py:8: UserWarning: pkg_resources is deprecated as an API. See https://setuptools.pypa.io/en/latest/pkg_resources.html. The pkg_resources package is slated for removal as early as 2025-11-30. Refrain from using this package or pin to Setuptools<81.
  import pkg_resources
[UID:2123][3260004] Reached max children process limit: 6, extra: 2, current: 8, busy: 7, please increase LSAPI_CHILDREN.
[UID:2123][3260004] Reached max children process limit: 6, extra: 2, current: 8, busy: 8, please increase LSAPI_CHILDREN.
[UID:2123][3260004] Reached max children process limit: 6, extra: 2, current: 8, busy: 8, please increase LSAPI_CHILDREN.
[UID:2123][3260004] Reached max children process limit: 6, extra: 2, current: 8, busy: 8, please increase LSAPI_CHILDREN.
[UID:2123][3260004] Reached max children process limit: 6, extra: 2, current: 8, busy: 8, please increase LSAPI_CHILDREN.
[UID:2123][3260004] Reached max children process limit: 6, extra: 2, current: 8, busy: 8, please increase LSAPI_CHILDREN.
[UID:2123][3260004] Reached max children process limit: 6, extra: 2, current: 8, busy: 8, please increase LSAPI_CHILDREN.
[UID:2123][3260004] Reached max children process limit: 6, extra: 2, current: 8, busy: 8, please increase LSAPI_CHILDREN.
[UID:2123][3260004] Reached max children process limit: 6, extra: 2, current: 8, busy: 8, please increase LSAPI_CHILDREN.
[UID:2123][3260004] Reached max children process limit: 6, extra: 2, current: 8, busy: 8, please increase LSAPI_CHILDREN.
[UID:2123][3260004] Reached max children process limit: 6, extra: 2, current: 8, busy: 8, please increase LSAPI_CHILDREN.
[UID:2123][3260004] Reached max children process limit: 6, extra: 2, current: 8, busy: 8, please increase LSAPI_CHILDREN.
[UID:2123][3260004] Reached max children process limit: 6, extra: 2, current: 8, busy: 8, please increase LSAPI_CHILDREN.
[UID:2123][3260004] Reached max children process limit: 6, extra: 2, current: 8, busy: 8, please increase LSAPI_CHILDREN.
[UID:2123][3260004] Reached max children process limit: 6, extra: 2, current: 8, busy: 8, please increase LSAPI_CHILDREN.
[UID:2123][3260004] Reached max children process limit: 6, extra: 2, current: 8, busy: 8, please increase LSAPI_CHILDREN.
[UID:2123][3260004] Reached max children process limit: 6, extra: 2, current: 8, busy: 8, please increase LSAPI_CHILDREN.
[UID:2123][3260004] Reached max children process limit: 6, extra: 2, current: 8, busy: 8, please increase LSAPI_CHILDREN.
[UID:2123][3260004] Reached max children process limit: 6, extra: 2, current: 8, busy: 8, please increase LSAPI_CHILDREN.
[UID:2123][3260004] Reached max children process limit: 6, extra: 2, current: 8, busy: 8, please increase LSAPI_CHILDREN.
[UID:2123][3260004] Reached max children process limit: 6, extra: 2, current: 8, busy: 8, please increase LSAPI_CHILDREN.
[UID:2123][3260004] Reached max children process limit: 6, extra: 2, current: 8, busy: 8, please increase LSAPI_CHILDREN.
[UID:2123][3260004] Reached max children process limit: 6, extra: 2, current: 8, busy: 8, please increase LSAPI_CHILDREN.
[UID:2123][3260004] Reached max children process limit: 6, extra: 2, current: 8, busy: 7, please increase LSAPI_CHILDREN.
[UID:2123][3260004] Reached max children process limit: 6, extra: 2, current: 8, busy: 8, please increase LSAPI_CHILDREN.
[UID:2123][3260004] Reached max children process limit: 6, extra: 2, current: 8, busy: 8, please increase LSAPI_CHILDREN.
[UID:2123][3260004] Reached max children process limit: 6, extra: 2, current: 8, busy: 8, please increase LSAPI_CHILDREN.
[UID:2123][3260004] Reached max children process limit: 6, extra: 2, current: 8, busy: 8, please increase LSAPI_CHILDREN.
[UID:2123][3260004] Reached max children process limit: 6, extra: 2, current: 8, busy: 8, please increase LSAPI_CHILDREN.
[UID:2123][3260004] Reached max children process limit: 6, extra: 2, current: 8, busy: 8, please increase LSAPI_CHILDREN.
[UID:2123][3260004] Reached max children process limit: 6, extra: 2, current: 8, busy: 8, please increase LSAPI_CHILDREN.
[UID:2123][3260004] Reached max children process limit: 6, extra: 2, current: 8, busy: 8, please increase LSAPI_CHILDREN.
[UID:2123][3260004] Reached max children process limit: 6, extra: 2, current: 8, busy: 8, please increase LSAPI_CHILDREN.
[UID:2123][3260004] Reached max children process limit: 6, extra: 2, current: 8, busy: 8, please increase LSAPI_CHILDREN.
[UID:2123][3260004] Reached max children process limit: 6, extra: 2, current: 8, busy: 8, please increase LSAPI_CHILDREN.
[UID:2123][3260004] Reached max children process limit: 6, extra: 2, current: 8, busy: 8, please increase LSAPI_CHILDREN.
[UID:2123][3260004] Reached max children process limit: 6, extra: 2, current: 8, busy: 7, please increase LSAPI_CHILDREN.
[UID:2123][3260004] Reached max children process limit: 6, extra: 2, current: 8, busy: 8, please increase LSAPI_CHILDREN.
[UID:2123][3260004] Reached max children process limit: 6, extra: 2, current: 8, busy: 8, please increase LSAPI_CHILDREN.
[UID:2123][3260004] Reached max children process limit: 6, extra: 2, current: 8, busy: 7, please increase LSAPI_CHILDREN.
[UID:2123][3260004] Reached max children process limit: 6, extra: 2, current: 8, busy: 8, please increase LSAPI_CHILDREN.
[UID:2123][3260004] Reached max children process limit: 6, extra: 2, current: 8, busy: 8, please increase LSAPI_CHILDREN.
[UID:2123][3260004] Reached max children process limit: 6, extra: 2, current: 8, busy: 7, please increase LSAPI_CHILDREN.
Not Found: /favicon.ico
Not Found: /z0f76a1d14fd21a8fb5fd0d03e0fdc3d3cedae52f
Not Found: /z0f76a1d14fd21a8fb5fd0d03e0fdc3d3cedae52f
/home2/techprog/virtualenv/therapypoint/3.12/lib/python3.12/site-packages/django_q/conf.py:8: UserWarning: pkg_resources is deprecated as an API. See https://setuptools.pypa.io/en/latest/pkg_resources.html. The pkg_resources package is slated for removal as early as 2025-11-30. Refrain from using this package or pin to Setuptools<81.
  import pkg_resources
Not Found: /favicon.ico
/home2/techprog/virtualenv/therapypoint/3.12/lib/python3.12/site-packages/django_q/conf.py:8: UserWarning: pkg_resources is deprecated as an API. See https://setuptools.pypa.io/en/latest/pkg_resources.html. The pkg_resources package is slated for removal as early as 2025-11-30. Refrain from using this package or pin to Setuptools<81.
  import pkg_resources
Not Found: /favicon.ico
/home2/techprog/virtualenv/therapypoint/3.12/lib/python3.12/site-packages/django_q/conf.py:8: UserWarning: pkg_resources is deprecated as an API. See https://setuptools.pypa.io/en/latest/pkg_resources.html. The pkg_resources package is slated for removal as early as 2025-11-30. Refrain from using this package or pin to Setuptools<81.
  import pkg_resources
[UID:2123][1555243] Child process with pid: 1557120 was killed by signal: 15, core dumped: no
[UID:2123][1555243] Child process with pid: 1557104 was killed by signal: 15, core dumped: no
/home2/techprog/virtualenv/therapypoint/3.12/lib/python3.12/site-packages/django_q/conf.py:8: UserWarning: pkg_resources is deprecated as an API. See https://setuptools.pypa.io/en/latest/pkg_resources.html. The pkg_resources package is slated for removal as early as 2025-11-30. Refrain from using this package or pin to Setuptools<81.
  import pkg_resources
Not Found: /favicon.ico
/home2/techprog/virtualenv/therapypoint/3.12/lib/python3.12/site-packages/django_q/conf.py:8: UserWarning: pkg_resources is deprecated as an API. See https://setuptools.pypa.io/en/latest/pkg_resources.html. The pkg_resources package is slated for removal as early as 2025-11-30. Refrain from using this package or pin to Setuptools<81.
  import pkg_resources
/home2/techprog/virtualenv/therapypoint/3.12/lib/python3.12/site-packages/django_q/conf.py:8: UserWarning: pkg_resources is deprecated as an API. See https://setuptools.pypa.io/en/latest/pkg_resources.html. The pkg_resources package is slated for removal as early as 2025-11-30. Refrain from using this package or pin to Setuptools<81.
  import pkg_resources
Not Found: /wp-includes/wlwmanifest.xml
Not Found: /xmlrpc.php
Not Found: /wp-json/wp/v2/users/
Not Found: /wp-json/oembed/1.0/embed
Not Found: /xmlrpc.php
/home2/techprog/virtualenv/therapypoint/3.12/lib/python3.12/site-packages/django_q/conf.py:8: UserWarning: pkg_resources is deprecated as an API. See https://setuptools.pypa.io/en/latest/pkg_resources.html. The pkg_resources package is slated for removal as early as 2025-11-30. Refrain from using this package or pin to Setuptools<81.
  import pkg_resources
Not Found: /favicon.ico
/home2/techprog/virtualenv/therapypoint/3.12/lib/python3.12/site-packages/django_q/conf.py:8: UserWarning: pkg_resources is deprecated as an API. See https://setuptools.pypa.io/en/latest/pkg_resources.html. The pkg_resources package is slated for removal as early as 2025-11-30. Refrain from using this package or pin to Setuptools<81.
  import pkg_resources
/home2/techprog/virtualenv/therapypoint/3.12/lib/python3.12/site-packages/django_q/conf.py:8: UserWarning: pkg_resources is deprecated as an API. See https://setuptools.pypa.io/en/latest/pkg_resources.html. The pkg_resources package is slated for removal as early as 2025-11-30. Refrain from using this package or pin to Setuptools<81.
  import pkg_resources
/home2/techprog/virtualenv/therapypoint/3.12/lib/python3.12/site-packages/django_q/conf.py:8: UserWarning: pkg_resources is deprecated as an API. See https://setuptools.pypa.io/en/latest/pkg_resources.html. The pkg_resources package is slated for removal as early as 2025-11-30. Refrain from using this package or pin to Setuptools<81.
  import pkg_resources
Not Found: /favicon.ico
Not Found: /favicon.ico
Not Found: /favicon.ico
Not Found: /favicon.ico
/home2/techprog/virtualenv/therapypoint/3.12/lib/python3.12/site-packages/django_q/conf.py:8: UserWarning: pkg_resources is deprecated as an API. See https://setuptools.pypa.io/en/latest/pkg_resources.html. The pkg_resources package is slated for removal as early as 2025-11-30. Refrain from using this package or pin to Setuptools<81.
  import pkg_resources
[UID:2123][2231001] Child process with pid: 2231220 was killed by signal: 15, core dumped: no
[UID:2123][2231001] Child process with pid: 2231221 was killed by signal: 15, core dumped: no
Not Found: /favicon.ico
/home2/techprog/virtualenv/therapypoint/3.12/lib/python3.12/site-packages/django_q/conf.py:8: UserWarning: pkg_resources is deprecated as an API. See https://setuptools.pypa.io/en/latest/pkg_resources.html. The pkg_resources package is slated for removal as early as 2025-11-30. Refrain from using this package or pin to Setuptools<81.
  import pkg_resources
[UID:2123][4147958] Child process with pid: 4148170 was killed by signal: 15, core dumped: no
Not Found: /favicon.ico
/home2/techprog/virtualenv/therapypoint/3.12/lib/python3.12/site-packages/django_q/conf.py:8: UserWarning: pkg_resources is deprecated as an API. See https://setuptools.pypa.io/en/latest/pkg_resources.html. The pkg_resources package is slated for removal as early as 2025-11-30. Refrain from using this package or pin to Setuptools<81.
  import pkg_resources
Not Found: /favicon.ico
/home2/techprog/virtualenv/therapypoint/3.12/lib/python3.12/site-packages/django_q/conf.py:8: UserWarning: pkg_resources is deprecated as an API. See https://setuptools.pypa.io/en/latest/pkg_resources.html. The pkg_resources package is slated for removal as early as 2025-11-30. Refrain from using this package or pin to Setuptools<81.
  import pkg_resources
Not Found: /favicon.ico
/home2/techprog/virtualenv/therapypoint/3.12/lib/python3.12/site-packages/django_q/conf.py:8: UserWarning: pkg_resources is deprecated as an API. See https://setuptools.pypa.io/en/latest/pkg_resources.html. The pkg_resources package is slated for removal as early as 2025-11-30. Refrain from using this package or pin to Setuptools<81.
  import pkg_resources
Not Found: /favicon.ico
/home2/techprog/virtualenv/therapypoint/3.12/lib/python3.12/site-packages/django_q/conf.py:8: UserWarning: pkg_resources is deprecated as an API. See https://setuptools.pypa.io/en/latest/pkg_resources.html. The pkg_resources package is slated for removal as early as 2025-11-30. Refrain from using this package or pin to Setuptools<81.
  import pkg_resources
[UID:2123][1097935] Child process with pid: 1098190 was killed by signal: 15, core dumped: no
/home2/techprog/virtualenv/therapypoint/3.12/lib/python3.12/site-packages/django_q/conf.py:8: UserWarning: pkg_resources is deprecated as an API. See https://setuptools.pypa.io/en/latest/pkg_resources.html. The pkg_resources package is slated for removal as early as 2025-11-30. Refrain from using this package or pin to Setuptools<81.
  import pkg_resources
Not Found: /apple-touch-icon-120x120-precomposed.png
Not Found: /apple-touch-icon-120x120.png
Not Found: /apple-touch-icon-precomposed.png
Not Found: /apple-touch-icon.png
Not Found: /favicon.ico
Not Found: /apple-touch-icon-120x120-precomposed.png
Not Found: /apple-touch-icon-120x120.png
Not Found: /apple-touch-icon-precomposed.png
Not Found: /apple-touch-icon.png
Not Found: /favicon.ico
Not Found: /apple-touch-icon-precomposed.png
Not Found: /apple-touch-icon.png
Not Found: /favicon.ico
/home2/techprog/virtualenv/therapypoint/3.12/lib/python3.12/site-packages/django_q/conf.py:8: UserWarning: pkg_resources is deprecated as an API. See https://setuptools.pypa.io/en/latest/pkg_resources.html. The pkg_resources package is slated for removal as early as 2025-11-30. Refrain from using this package or pin to Setuptools<81.
  import pkg_resources
Not Found: /favicon.ico
/home2/techprog/virtualenv/therapypoint/3.12/lib/python3.12/site-packages/django_q/conf.py:8: UserWarning: pkg_resources is deprecated as an API. See https://setuptools.pypa.io/en/latest/pkg_resources.html. The pkg_resources package is slated for removal as early as 2025-11-30. Refrain from using this package or pin to Setuptools<81.
  import pkg_resources
/home2/techprog/virtualenv/therapypoint/3.12/lib/python3.12/site-packages/django_q/conf.py:8: UserWarning: pkg_resources is deprecated as an API. See https://setuptools.pypa.io/en/latest/pkg_resources.html. The pkg_resources package is slated for removal as early as 2025-11-30. Refrain from using this package or pin to Setuptools<81.
  import pkg_resources
/home2/techprog/virtualenv/therapypoint/3.12/lib/python3.12/site-packages/django_q/conf.py:8: UserWarning: pkg_resources is deprecated as an API. See https://setuptools.pypa.io/en/latest/pkg_resources.html. The pkg_resources package is slated for removal as early as 2025-11-30. Refrain from using this package or pin to Setuptools<81.
  import pkg_resources
/home2/techprog/virtualenv/therapypoint/3.12/lib/python3.12/site-packages/django_q/conf.py:8: UserWarning: pkg_resources is deprecated as an API. See https://setuptools.pypa.io/en/latest/pkg_resources.html. The pkg_resources package is slated for removal as early as 2025-11-30. Refrain from using this package or pin to Setuptools<81.
  import pkg_resources
/home2/techprog/virtualenv/therapypoint/3.12/lib/python3.12/site-packages/django_q/conf.py:8: UserWarning: pkg_resources is deprecated as an API. See https://setuptools.pypa.io/en/latest/pkg_resources.html. The pkg_resources package is slated for removal as early as 2025-11-30. Refrain from using this package or pin to Setuptools<81.
  import pkg_resources
/home2/techprog/virtualenv/therapypoint/3.12/lib/python3.12/site-packages/django_q/conf.py:8: UserWarning: pkg_resources is deprecated as an API. See https://setuptools.pypa.io/en/latest/pkg_resources.html. The pkg_resources package is slated for removal as early as 2025-11-30. Refrain from using this package or pin to Setuptools<81.
  import pkg_resources
/home2/techprog/virtualenv/therapypoint/3.12/lib/python3.12/site-packages/django_q/conf.py:8: UserWarning: pkg_resources is deprecated as an API. See https://setuptools.pypa.io/en/latest/pkg_resources.html. The pkg_resources package is slated for removal as early as 2025-11-30. Refrain from using this package or pin to Setuptools<81.
  import pkg_resources
/home2/techprog/virtualenv/therapypoint/3.12/lib/python3.12/site-packages/django_q/conf.py:8: UserWarning: pkg_resources is deprecated as an API. See https://setuptools.pypa.io/en/latest/pkg_resources.html. The pkg_resources package is slated for removal as early as 2025-11-30. Refrain from using this package or pin to Setuptools<81.
  import pkg_resources
/home2/techprog/virtualenv/therapypoint/3.12/lib/python3.12/site-packages/django_q/conf.py:8: UserWarning: pkg_resources is deprecated as an API. See https://setuptools.pypa.io/en/latest/pkg_resources.html. The pkg_resources package is slated for removal as early as 2025-11-30. Refrain from using this package or pin to Setuptools<81.
  import pkg_resources
[UID:2123][4151747] Child process with pid: 4151961 was killed by signal: 15, core dumped: no
[UID:2123][4151747] Child process with pid: 4152343 was killed by signal: 15, core dumped: no
[UID:2123][4151747] Child process with pid: 4153507 was killed by signal: 15, core dumped: no
[UID:2123][4151747] Child process with pid: 4152297 was killed by signal: 15, core dumped: no
[UID:2123][4151747] Child process with pid: 4154196 was killed by signal: 15, core dumped: no
Not Found: /favicon.ico
/home2/techprog/virtualenv/therapypoint/3.12/lib/python3.12/site-packages/django_q/conf.py:8: UserWarning: pkg_resources is deprecated as an API. See https://setuptools.pypa.io/en/latest/pkg_resources.html. The pkg_resources package is slated for removal as early as 2025-11-30. Refrain from using this package or pin to Setuptools<81.
  import pkg_resources
Not Found: /admin/
/home2/techprog/virtualenv/therapypoint/3.12/lib/python3.12/site-packages/django_q/conf.py:8: UserWarning: pkg_resources is deprecated as an API. See https://setuptools.pypa.io/en/latest/pkg_resources.html. The pkg_resources package is slated for removal as early as 2025-11-30. Refrain from using this package or pin to Setuptools<81.
  import pkg_resources
/home2/techprog/virtualenv/therapypoint/3.12/lib/python3.12/site-packages/django_q/conf.py:8: UserWarning: pkg_resources is deprecated as an API. See https://setuptools.pypa.io/en/latest/pkg_resources.html. The pkg_resources package is slated for removal as early as 2025-11-30. Refrain from using this package or pin to Setuptools<81.
  import pkg_resources
/home2/techprog/virtualenv/therapypoint/3.12/lib/python3.12/site-packages/django_q/conf.py:8: UserWarning: pkg_resources is deprecated as an API. See https://setuptools.pypa.io/en/latest/pkg_resources.html. The pkg_resources package is slated for removal as early as 2025-11-30. Refrain from using this package or pin to Setuptools<81.
  import pkg_resources
[UID:2123][92128] Child process with pid: 94610 was killed by signal: 15, core dumped: no
Not Found: /favicon.ico
/home2/techprog/virtualenv/therapypoint/3.12/lib/python3.12/site-packages/django_q/conf.py:8: UserWarning: pkg_resources is deprecated as an API. See https://setuptools.pypa.io/en/latest/pkg_resources.html. The pkg_resources package is slated for removal as early as 2025-11-30. Refrain from using this package or pin to Setuptools<81.
  import pkg_resources
/home2/techprog/virtualenv/therapypoint/3.12/lib/python3.12/site-packages/django_q/conf.py:8: UserWarning: pkg_resources is deprecated as an API. See https://setuptools.pypa.io/en/latest/pkg_resources.html. The pkg_resources package is slated for removal as early as 2025-11-30. Refrain from using this package or pin to Setuptools<81.
  import pkg_resources
/home2/techprog/virtualenv/therapypoint/3.12/lib/python3.12/site-packages/django_q/conf.py:8: UserWarning: pkg_resources is deprecated as an API. See https://setuptools.pypa.io/en/latest/pkg_resources.html. The pkg_resources package is slated for removal as early as 2025-11-30. Refrain from using this package or pin to Setuptools<81.
  import pkg_resources
/home2/techprog/virtualenv/therapypoint/3.12/lib/python3.12/site-packages/django_q/conf.py:8: UserWarning: pkg_resources is deprecated as an API. See https://setuptools.pypa.io/en/latest/pkg_resources.html. The pkg_resources package is slated for removal as early as 2025-11-30. Refrain from using this package or pin to Setuptools<81.
  import pkg_resources
/home2/techprog/virtualenv/therapypoint/3.12/lib/python3.12/site-packages/django_q/conf.py:8: UserWarning: pkg_resources is deprecated as an API. See https://setuptools.pypa.io/en/latest/pkg_resources.html. The pkg_resources package is slated for removal as early as 2025-11-30. Refrain from using this package or pin to Setuptools<81.
  import pkg_resources
/home2/techprog/virtualenv/therapypoint/3.12/lib/python3.12/site-packages/django_q/conf.py:8: UserWarning: pkg_resources is deprecated as an API. See https://setuptools.pypa.io/en/latest/pkg_resources.html. The pkg_resources package is slated for removal as early as 2025-11-30. Refrain from using this package or pin to Setuptools<81.
  import pkg_resources
[UID:2123][302749] Reached max children process limit: 6, extra: 2, current: 8, busy: 7, please increase LSAPI_CHILDREN.
[UID:2123][302749] Reached max children process limit: 6, extra: 2, current: 8, busy: 8, please increase LSAPI_CHILDREN.
[UID:2123][302749] Reached max children process limit: 6, extra: 2, current: 8, busy: 8, please increase LSAPI_CHILDREN.
[UID:2123][302749] Reached max children process limit: 6, extra: 2, current: 8, busy: 8, please increase LSAPI_CHILDREN.
[UID:2123][302749] Reached max children process limit: 6, extra: 2, current: 8, busy: 8, please increase LSAPI_CHILDREN.
[UID:2123][302749] Reached max children process limit: 6, extra: 2, current: 8, busy: 8, please increase LSAPI_CHILDREN.
[UID:2123][302749] Reached max children process limit: 6, extra: 2, current: 8, busy: 8, please increase LSAPI_CHILDREN.
[UID:2123][302749] Reached max children process limit: 6, extra: 2, current: 8, busy: 8, please increase LSAPI_CHILDREN.
[UID:2123][302749] Reached max children process limit: 6, extra: 2, current: 8, busy: 7, please increase LSAPI_CHILDREN.
[UID:2123][302749] Reached max children process limit: 6, extra: 2, current: 8, busy: 8, please increase LSAPI_CHILDREN.
[UID:2123][302749] Reached max children process limit: 6, extra: 2, current: 8, busy: 8, please increase LSAPI_CHILDREN.
[UID:2123][302749] Reached max children process limit: 6, extra: 2, current: 8, busy: 8, please increase LSAPI_CHILDREN.
[UID:2123][302749] Reached max children process limit: 6, extra: 2, current: 8, busy: 8, please increase LSAPI_CHILDREN.
[UID:2123][302749] Reached max children process limit: 6, extra: 2, current: 8, busy: 8, please increase LSAPI_CHILDREN.
[UID:2123][302749] Reached max children process limit: 6, extra: 2, current: 8, busy: 8, please increase LSAPI_CHILDREN.
[UID:2123][302749] Reached max children process limit: 6, extra: 2, current: 8, busy: 8, please increase LSAPI_CHILDREN.
[UID:2123][302749] Reached max children process limit: 6, extra: 2, current: 8, busy: 8, please increase LSAPI_CHILDREN.
Not Found: /favicon.ico
/home2/techprog/virtualenv/therapypoint/3.12/lib/python3.12/site-packages/django_q/conf.py:8: UserWarning: pkg_resources is deprecated as an API. See https://setuptools.pypa.io/en/latest/pkg_resources.html. The pkg_resources package is slated for removal as early as 2025-11-30. Refrain from using this package or pin to Setuptools<81.
  import pkg_resources
[UID:2123][512373] Reached max children process limit: 6, extra: 2, current: 8, busy: 7, please increase LSAPI_CHILDREN.
[UID:2123][512373] Reached max children process limit: 6, extra: 2, current: 8, busy: 8, please increase LSAPI_CHILDREN.
[UID:2123][512373] Reached max children process limit: 6, extra: 2, current: 8, busy: 8, please increase LSAPI_CHILDREN.
Not Found: /apple-touch-icon-precomposed.png
Not Found: /apple-touch-icon.png
[UID:2123][512373] Reached max children process limit: 6, extra: 2, current: 8, busy: 8, please increase LSAPI_CHILDREN.
Not Found: /favicon.ico
[UID:2123][512373] Reached max children process limit: 6, extra: 2, current: 8, busy: 8, please increase LSAPI_CHILDREN.
[UID:2123][512373] Reached max children process limit: 6, extra: 2, current: 8, busy: 8, please increase LSAPI_CHILDREN.
[UID:2123][512373] Reached max children process limit: 6, extra: 2, current: 8, busy: 8, please increase LSAPI_CHILDREN.
[UID:2123][512373] Reached max children process limit: 6, extra: 2, current: 8, busy: 8, please increase LSAPI_CHILDREN.
[UID:2123][512373] Reached max children process limit: 6, extra: 2, current: 8, busy: 8, please increase LSAPI_CHILDREN.
[UID:2123][512373] Reached max children process limit: 6, extra: 2, current: 8, busy: 8, please increase LSAPI_CHILDREN.
[UID:2123][512373] Reached max children process limit: 6, extra: 2, current: 8, busy: 8, please increase LSAPI_CHILDREN.
[UID:2123][512373] Reached max children process limit: 6, extra: 2, current: 8, busy: 8, please increase LSAPI_CHILDREN.
/home2/techprog/virtualenv/therapypoint/3.12/lib/python3.12/site-packages/django_q/conf.py:8: UserWarning: pkg_resources is deprecated as an API. See https://setuptools.pypa.io/en/latest/pkg_resources.html. The pkg_resources package is slated for removal as early as 2025-11-30. Refrain from using this package or pin to Setuptools<81.
  import pkg_resources
Not Found: /favicon.ico
Not Found: /funding/
Not Found: /admin/
Not Found: /media/Screenshot%20(8)_s7EWQRG.png
Not Found: /media/Screenshot%20(8)_s7EWQRG.png
Not Found: /media/Screenshot%20(7).png
Not Found: /media/Screenshot%20(8).png
Not Found: /favicon.ico
Not Found: /favicon.ico
Not Found: /favicon.ico
Not Found: /favicon.ico
/home2/techprog/virtualenv/therapypoint/3.12/lib/python3.12/site-packages/django_q/conf.py:8: UserWarning: pkg_resources is deprecated as an API. See https://setuptools.pypa.io/en/latest/pkg_resources.html. The pkg_resources package is slated for removal as early as 2025-11-30. Refrain from using this package or pin to Setuptools<81.
  import pkg_resources
/home2/techprog/virtualenv/therapypoint/3.12/lib/python3.12/site-packages/django_q/conf.py:8: UserWarning: pkg_resources is deprecated as an API. See https://setuptools.pypa.io/en/latest/pkg_resources.html. The pkg_resources package is slated for removal as early as 2025-11-30. Refrain from using this package or pin to Setuptools<81.
  import pkg_resources
[UID:2123][1064172] Reached max children process limit: 6, extra: 2, current: 8, busy: 7, please increase LSAPI_CHILDREN.
[UID:2123][1064172] Reached max children process limit: 6, extra: 2, current: 8, busy: 8, please increase LSAPI_CHILDREN.
[UID:2123][1064172] Reached max children process limit: 6, extra: 2, current: 8, busy: 8, please increase LSAPI_CHILDREN.
[UID:2123][1064172] Reached max children process limit: 6, extra: 2, current: 8, busy: 8, please increase LSAPI_CHILDREN.
[UID:2123][1064172] Reached max children process limit: 6, extra: 2, current: 8, busy: 8, please increase LSAPI_CHILDREN.
[UID:2123][1064172] Reached max children process limit: 6, extra: 2, current: 8, busy: 8, please increase LSAPI_CHILDREN.
[UID:2123][1064172] Reached max children process limit: 6, extra: 2, current: 8, busy: 8, please increase LSAPI_CHILDREN.
[UID:2123][1064172] Reached max children process limit: 6, extra: 2, current: 8, busy: 8, please increase LSAPI_CHILDREN.
[UID:2123][1064172] Reached max children process limit: 6, extra: 2, current: 8, busy: 8, please increase LSAPI_CHILDREN.
[UID:2123][1064172] Reached max children process limit: 6, extra: 2, current: 8, busy: 8, please increase LSAPI_CHILDREN.
[UID:2123][1064172] Reached max children process limit: 6, extra: 2, current: 8, busy: 8, please increase LSAPI_CHILDREN.
[UID:2123][1064172] Child process with pid: 1064681 was killed by signal: 15, core dumped: no
[UID:2123][1064172] Child process with pid: 1064679 was killed by signal: 15, core dumped: no
/home2/techprog/virtualenv/therapypoint/3.12/lib/python3.12/site-packages/django_q/conf.py:8: UserWarning: pkg_resources is deprecated as an API. See https://setuptools.pypa.io/en/latest/pkg_resources.html. The pkg_resources package is slated for removal as early as 2025-11-30. Refrain from using this package or pin to Setuptools<81.
  import pkg_resources
/home2/techprog/virtualenv/therapypoint/3.12/lib/python3.12/site-packages/django_q/conf.py:8: UserWarning: pkg_resources is deprecated as an API. See https://setuptools.pypa.io/en/latest/pkg_resources.html. The pkg_resources package is slated for removal as early as 2025-11-30. Refrain from using this package or pin to Setuptools<81.
  import pkg_resources
/home2/techprog/virtualenv/therapypoint/3.12/lib/python3.12/site-packages/django_q/conf.py:8: UserWarning: pkg_resources is deprecated as an API. See https://setuptools.pypa.io/en/latest/pkg_resources.html. The pkg_resources package is slated for removal as early as 2025-11-30. Refrain from using this package or pin to Setuptools<81.
  import pkg_resources
Not Found: /favicon.ico
Not Found: /favicon.ico
/home2/techprog/virtualenv/therapypoint/3.12/lib/python3.12/site-packages/django_q/conf.py:8: UserWarning: pkg_resources is deprecated as an API. See https://setuptools.pypa.io/en/latest/pkg_resources.html. The pkg_resources package is slated for removal as early as 2025-11-30. Refrain from using this package or pin to Setuptools<81.
  import pkg_resources
/home2/techprog/virtualenv/therapypoint/3.12/lib/python3.12/site-packages/django_q/conf.py:8: UserWarning: pkg_resources is deprecated as an API. See https://setuptools.pypa.io/en/latest/pkg_resources.html. The pkg_resources package is slated for removal as early as 2025-11-30. Refrain from using this package or pin to Setuptools<81.
  import pkg_resources
/home2/techprog/virtualenv/therapypoint/3.12/lib/python3.12/site-packages/django_q/conf.py:8: UserWarning: pkg_resources is deprecated as an API. See https://setuptools.pypa.io/en/latest/pkg_resources.html. The pkg_resources package is slated for removal as early as 2025-11-30. Refrain from using this package or pin to Setuptools<81.
  import pkg_resources
[UID:2123][4123565] Reached max children process limit: 6, extra: 2, current: 8, busy: 7, please increase LSAPI_CHILDREN.
[UID:2123][4123565] Reached max children process limit: 6, extra: 2, current: 8, busy: 8, please increase LSAPI_CHILDREN.
[UID:2123][4123565] Reached max children process limit: 6, extra: 2, current: 8, busy: 8, please increase LSAPI_CHILDREN.
[UID:2123][4123565] Reached max children process limit: 6, extra: 2, current: 8, busy: 8, please increase LSAPI_CHILDREN.
[UID:2123][4123565] Reached max children process limit: 6, extra: 2, current: 8, busy: 8, please increase LSAPI_CHILDREN.
[UID:2123][4123565] Reached max children process limit: 6, extra: 2, current: 8, busy: 8, please increase LSAPI_CHILDREN.
[UID:2123][4123565] Reached max children process limit: 6, extra: 2, current: 8, busy: 8, please increase LSAPI_CHILDREN.
[UID:2123][4123565] Reached max children process limit: 6, extra: 2, current: 8, busy: 8, please increase LSAPI_CHILDREN.
[UID:2123][4123565] Reached max children process limit: 6, extra: 2, current: 8, busy: 8, please increase LSAPI_CHILDREN.
[UID:2123][4123565] Reached max children process limit: 6, extra: 2, current: 8, busy: 8, please increase LSAPI_CHILDREN.
[UID:2123][4123565] Reached max children process limit: 6, extra: 2, current: 8, busy: 8, please increase LSAPI_CHILDREN.
[UID:2123][4123565] Reached max children process limit: 6, extra: 2, current: 8, busy: 8, please increase LSAPI_CHILDREN.
[UID:2123][4123565] Reached max children process limit: 6, extra: 2, current: 8, busy: 8, please increase LSAPI_CHILDREN.
[UID:2123][4123565] Reached max children process limit: 6, extra: 2, current: 8, busy: 8, please increase LSAPI_CHILDREN.
Not Found: /favicon.ico
Not Found: /static/vendor/bootstrap/js/bootstrap.bundle.min.js.map
Not Found: /static/vendor/bootstrap/js/bootstrap.bundle.min.js.map
Not Found: /static/vendor/bootstrap/js/bootstrap.bundle.min.js.map
Not Found: /favicon.ico
/home2/techprog/virtualenv/therapypoint/3.12/lib/python3.12/site-packages/django_q/conf.py:8: UserWarning: pkg_resources is deprecated as an API. See https://setuptools.pypa.io/en/latest/pkg_resources.html. The pkg_resources package is slated for removal as early as 2025-11-30. Refrain from using this package or pin to Setuptools<81.
  import pkg_resources
/home2/techprog/virtualenv/therapypoint/3.12/lib/python3.12/site-packages/django_q/conf.py:8: UserWarning: pkg_resources is deprecated as an API. See https://setuptools.pypa.io/en/latest/pkg_resources.html. The pkg_resources package is slated for removal as early as 2025-11-30. Refrain from using this package or pin to Setuptools<81.
  import pkg_resources
Not Found: /favicon.ico
/home2/techprog/virtualenv/therapypoint/3.12/lib/python3.12/site-packages/django_q/conf.py:8: UserWarning: pkg_resources is deprecated as an API. See https://setuptools.pypa.io/en/latest/pkg_resources.html. The pkg_resources package is slated for removal as early as 2025-11-30. Refrain from using this package or pin to Setuptools<81.
  import pkg_resources
/home2/techprog/virtualenv/therapypoint/3.12/lib/python3.12/site-packages/django_q/conf.py:8: UserWarning: pkg_resources is deprecated as an API. See https://setuptools.pypa.io/en/latest/pkg_resources.html. The pkg_resources package is slated for removal as early as 2025-11-30. Refrain from using this package or pin to Setuptools<81.
  import pkg_resources
Not Found: /favicon.ico
Not Found: /admin/
[UID:2123][3853693] Reached max children process limit: 6, extra: 2, current: 8, busy: 7, please increase LSAPI_CHILDREN.
[UID:2123][3853693] Reached max children process limit: 6, extra: 2, current: 8, busy: 8, please increase LSAPI_CHILDREN.
[UID:2123][3853693] Reached max children process limit: 6, extra: 2, current: 8, busy: 8, please increase LSAPI_CHILDREN.
[UID:2123][3853693] Reached max children process limit: 6, extra: 2, current: 8, busy: 8, please increase LSAPI_CHILDREN.
[UID:2123][3853693] Reached max children process limit: 6, extra: 2, current: 8, busy: 8, please increase LSAPI_CHILDREN.
[UID:2123][3853693] Reached max children process limit: 6, extra: 2, current: 8, busy: 8, please increase LSAPI_CHILDREN.
[UID:2123][3853693] Reached max children process limit: 6, extra: 2, current: 8, busy: 8, please increase LSAPI_CHILDREN.
Not Found: /favicon.ico
[UID:2123][3853693] Child process with pid: 3893647 was killed by signal: 15, core dumped: no
OSError: LSAPI: File error
OSError: LSAPI: File error
[UID:2123][3853693] Child process with pid: 3893641 was killed by signal: 15, core dumped: no
[UID:2123][3853693] Child process with pid: 3893701 was killed by signal: 15, core dumped: no
OSError: LSAPI: File error
[UID:2123][3853693] Child process with pid: 3893773 was killed by signal: 15, core dumped: no
[UID:2123][3853693] Child process with pid: 3893646 was killed by signal: 15, core dumped: no
[UID:2123][3853693] Child process with pid: 3893805 was killed by signal: 15, core dumped: no
[UID:2123][3853693] Child process with pid: 3893853 was killed by signal: 15, core dumped: no
[UID:2123][3853693] Child process with pid: 3893854 was killed by signal: 15, core dumped: no
OSError: LSAPI: File error
OSError: LSAPI: File error
Not Found: /favicon.ico
/home2/techprog/virtualenv/therapypoint/3.12/lib/python3.12/site-packages/django_q/conf.py:8: UserWarning: pkg_resources is deprecated as an API. See https://setuptools.pypa.io/en/latest/pkg_resources.html. The pkg_resources package is slated for removal as early as 2025-11-30. Refrain from using this package or pin to Setuptools<81.
  import pkg_resources
Not Found: /static/assets/images/video.mp4
Not Found: /static/assets/images/video.mp4
Not Found: /static/assets/images/video.mp4
Not Found: /static/assets/images/video.mp4
[UID:2123][3906341] Child process with pid: 3906836 was killed by signal: 15, core dumped: no
[UID:2123][3906341] Child process with pid: 3906934 was killed by signal: 15, core dumped: no
[UID:2123][3906341] Child process with pid: 3906933 was killed by signal: 15, core dumped: no
Not Found: /static/assets/images/video.mp4
Not Found: /favicon.ico
Not Found: /static/assets/images/video.mp4
/home2/techprog/virtualenv/therapypoint/3.12/lib/python3.12/site-packages/django_q/conf.py:8: UserWarning: pkg_resources is deprecated as an API. See https://setuptools.pypa.io/en/latest/pkg_resources.html. The pkg_resources package is slated for removal as early as 2025-11-30. Refrain from using this package or pin to Setuptools<81.
  import pkg_resources
/home2/techprog/virtualenv/therapypoint/3.12/lib/python3.12/site-packages/django_q/conf.py:8: UserWarning: pkg_resources is deprecated as an API. See https://setuptools.pypa.io/en/latest/pkg_resources.html. The pkg_resources package is slated for removal as early as 2025-11-30. Refrain from using this package or pin to Setuptools<81.
  import pkg_resources
/home2/techprog/virtualenv/therapypoint/3.12/lib/python3.12/site-packages/django_q/conf.py:8: UserWarning: pkg_resources is deprecated as an API. See https://setuptools.pypa.io/en/latest/pkg_resources.html. The pkg_resources package is slated for removal as early as 2025-11-30. Refrain from using this package or pin to Setuptools<81.
  import pkg_resources
Not Found: /static/vendor/bootstrap/js/bootstrap.bundle.min.js.map
/home2/techprog/virtualenv/therapypoint/3.12/lib/python3.12/site-packages/django_q/conf.py:8: UserWarning: pkg_resources is deprecated as an API. See https://setuptools.pypa.io/en/latest/pkg_resources.html. The pkg_resources package is slated for removal as early as 2025-11-30. Refrain from using this package or pin to Setuptools<81.
  import pkg_resources
/home2/techprog/virtualenv/therapypoint/3.12/lib/python3.12/site-packages/django_q/conf.py:8: UserWarning: pkg_resources is deprecated as an API. See https://setuptools.pypa.io/en/latest/pkg_resources.html. The pkg_resources package is slated for removal as early as 2025-11-30. Refrain from using this package or pin to Setuptools<81.
  import pkg_resources
/home2/techprog/virtualenv/therapypoint/3.12/lib/python3.12/site-packages/django_q/conf.py:8: UserWarning: pkg_resources is deprecated as an API. See https://setuptools.pypa.io/en/latest/pkg_resources.html. The pkg_resources package is slated for removal as early as 2025-11-30. Refrain from using this package or pin to Setuptools<81.
  import pkg_resources
Not Found: /favicon.ico
[UID:2123][3969698] Child process with pid: 3970041 was killed by signal: 15, core dumped: no
[UID:2123][3969698] Reached max children process limit: 6, extra: 2, current: 8, busy: 7, please increase LSAPI_CHILDREN.
[UID:2123][3969698] Reached max children process limit: 6, extra: 2, current: 8, busy: 7, please increase LSAPI_CHILDREN.
[UID:2123][3969698] Reached max children process limit: 6, extra: 2, current: 8, busy: 8, please increase LSAPI_CHILDREN.
[UID:2123][3969698] Reached max children process limit: 6, extra: 2, current: 8, busy: 8, please increase LSAPI_CHILDREN.
[UID:2123][3969698] Reached max children process limit: 6, extra: 2, current: 8, busy: 8, please increase LSAPI_CHILDREN.
[UID:2123][3969698] Reached max children process limit: 6, extra: 2, current: 8, busy: 8, please increase LSAPI_CHILDREN.
[UID:2123][3969698] Reached max children process limit: 6, extra: 2, current: 8, busy: 7, please increase LSAPI_CHILDREN.
[UID:2123][3969698] Reached max children process limit: 6, extra: 2, current: 8, busy: 8, please increase LSAPI_CHILDREN.
[UID:2123][3969698] Reached max children process limit: 6, extra: 2, current: 8, busy: 8, please increase LSAPI_CHILDREN.
[UID:2123][3969698] Reached max children process limit: 6, extra: 2, current: 8, busy: 8, please increase LSAPI_CHILDREN.
[UID:2123][3969698] Reached max children process limit: 6, extra: 2, current: 8, busy: 8, please increase LSAPI_CHILDREN.
[UID:2123][3969698] Reached max children process limit: 6, extra: 2, current: 8, busy: 8, please increase LSAPI_CHILDREN.
[UID:2123][3969698] Reached max children process limit: 6, extra: 2, current: 8, busy: 8, please increase LSAPI_CHILDREN.
[UID:2123][3969698] Reached max children process limit: 6, extra: 2, current: 8, busy: 7, please increase LSAPI_CHILDREN.
[UID:2123][3969698] Reached max children process limit: 6, extra: 2, current: 8, busy: 8, please increase LSAPI_CHILDREN.
[UID:2123][3969698] Reached max children process limit: 6, extra: 2, current: 8, busy: 8, please increase LSAPI_CHILDREN.
Not Found: /favicon.ico
/home2/techprog/virtualenv/therapypoint/3.12/lib/python3.12/site-packages/django_q/conf.py:8: UserWarning: pkg_resources is deprecated as an API. See https://setuptools.pypa.io/en/latest/pkg_resources.html. The pkg_resources package is slated for removal as early as 2025-11-30. Refrain from using this package or pin to Setuptools<81.
  import pkg_resources
OSError: LSAPI: File error
[UID:2123][4024191] Child process with pid: 4024221 was killed by signal: 15, core dumped: no
Not Found: /favicon.ico
Not Found: /apple-touch-icon-precomposed.png
Not Found: /favicon.ico
Not Found: /apple-touch-icon.png
/home2/techprog/virtualenv/therapypoint/3.12/lib/python3.12/site-packages/django_q/conf.py:8: UserWarning: pkg_resources is deprecated as an API. See https://setuptools.pypa.io/en/latest/pkg_resources.html. The pkg_resources package is slated for removal as early as 2025-11-30. Refrain from using this package or pin to Setuptools<81.
  import pkg_resources
Not Found: /favicon.ico
/home2/techprog/virtualenv/therapypoint/3.12/lib/python3.12/site-packages/django_q/conf.py:8: UserWarning: pkg_resources is deprecated as an API. See https://setuptools.pypa.io/en/latest/pkg_resources.html. The pkg_resources package is slated for removal as early as 2025-11-30. Refrain from using this package or pin to Setuptools<81.
  import pkg_resources
/home2/techprog/virtualenv/therapypoint/3.12/lib/python3.12/site-packages/django_q/conf.py:8: UserWarning: pkg_resources is deprecated as an API. See https://setuptools.pypa.io/en/latest/pkg_resources.html. The pkg_resources package is slated for removal as early as 2025-11-30. Refrain from using this package or pin to Setuptools<81.
  import pkg_resources
[UID:2123][521836] Child process with pid: 521925 was killed by signal: 15, core dumped: no
Not Found: /favicon.ico
Not Found: /favicon.ico
[UID:2123][521836] Reached max children process limit: 6, extra: 2, current: 8, busy: 7, please increase LSAPI_CHILDREN.
[UID:2123][521836] Reached max children process limit: 6, extra: 2, current: 8, busy: 8, please increase LSAPI_CHILDREN.
[UID:2123][521836] Reached max children process limit: 6, extra: 2, current: 8, busy: 8, please increase LSAPI_CHILDREN.
[UID:2123][521836] Reached max children process limit: 6, extra: 2, current: 8, busy: 8, please increase LSAPI_CHILDREN.
[UID:2123][521836] Reached max children process limit: 6, extra: 2, current: 8, busy: 8, please increase LSAPI_CHILDREN.
[UID:2123][521836] Reached max children process limit: 6, extra: 2, current: 8, busy: 8, please increase LSAPI_CHILDREN.
[UID:2123][521836] Reached max children process limit: 6, extra: 2, current: 8, busy: 8, please increase LSAPI_CHILDREN.
[UID:2123][521836] Reached max children process limit: 6, extra: 2, current: 8, busy: 8, please increase LSAPI_CHILDREN.
[UID:2123][521836] Reached max children process limit: 6, extra: 2, current: 8, busy: 8, please increase LSAPI_CHILDREN.
[UID:2123][521836] Reached max children process limit: 6, extra: 2, current: 8, busy: 8, please increase LSAPI_CHILDREN.
[UID:2123][521836] Reached max children process limit: 6, extra: 2, current: 8, busy: 8, please increase LSAPI_CHILDREN.
[UID:2123][521836] Reached max children process limit: 6, extra: 2, current: 8, busy: 8, please increase LSAPI_CHILDREN.
[UID:2123][521836] Reached max children process limit: 6, extra: 2, current: 8, busy: 8, please increase LSAPI_CHILDREN.
Not Found: /favicon.ico
/home2/techprog/virtualenv/therapypoint/3.12/lib/python3.12/site-packages/django_q/conf.py:8: UserWarning: pkg_resources is deprecated as an API. See https://setuptools.pypa.io/en/latest/pkg_resources.html. The pkg_resources package is slated for removal as early as 2025-11-30. Refrain from using this package or pin to Setuptools<81.
  import pkg_resources
Not Found: /favicon.ico
Not Found: /favicon.ico
/home2/techprog/virtualenv/therapypoint/3.12/lib/python3.12/site-packages/django_q/conf.py:8: UserWarning: pkg_resources is deprecated as an API. See https://setuptools.pypa.io/en/latest/pkg_resources.html. The pkg_resources package is slated for removal as early as 2025-11-30. Refrain from using this package or pin to Setuptools<81.
  import pkg_resources
/home2/techprog/virtualenv/therapypoint/3.12/lib/python3.12/site-packages/django_q/conf.py:8: UserWarning: pkg_resources is deprecated as an API. See https://setuptools.pypa.io/en/latest/pkg_resources.html. The pkg_resources package is slated for removal as early as 2025-11-30. Refrain from using this package or pin to Setuptools<81.
  import pkg_resources
/home2/techprog/virtualenv/therapypoint/3.12/lib/python3.12/site-packages/django_q/conf.py:8: UserWarning: pkg_resources is deprecated as an API. See https://setuptools.pypa.io/en/latest/pkg_resources.html. The pkg_resources package is slated for removal as early as 2025-11-30. Refrain from using this package or pin to Setuptools<81.
  import pkg_resources
/home2/techprog/virtualenv/therapypoint/3.12/lib/python3.12/site-packages/django_q/conf.py:8: UserWarning: pkg_resources is deprecated as an API. See https://setuptools.pypa.io/en/latest/pkg_resources.html. The pkg_resources package is slated for removal as early as 2025-11-30. Refrain from using this package or pin to Setuptools<81.
  import pkg_resources
/home2/techprog/virtualenv/therapypoint/3.12/lib/python3.12/site-packages/django_q/conf.py:8: UserWarning: pkg_resources is deprecated as an API. See https://setuptools.pypa.io/en/latest/pkg_resources.html. The pkg_resources package is slated for removal as early as 2025-11-30. Refrain from using this package or pin to Setuptools<81.
  import pkg_resources
/home2/techprog/virtualenv/therapypoint/3.12/lib/python3.12/site-packages/django_q/conf.py:8: UserWarning: pkg_resources is deprecated as an API. See https://setuptools.pypa.io/en/latest/pkg_resources.html. The pkg_resources package is slated for removal as early as 2025-11-30. Refrain from using this package or pin to Setuptools<81.
  import pkg_resources
/home2/techprog/virtualenv/therapypoint/3.12/lib/python3.12/site-packages/django_q/conf.py:8: UserWarning: pkg_resources is deprecated as an API. See https://setuptools.pypa.io/en/latest/pkg_resources.html. The pkg_resources package is slated for removal as early as 2025-11-30. Refrain from using this package or pin to Setuptools<81.
  import pkg_resources
Not Found: /favicon.ico
/home2/techprog/virtualenv/therapypoint/3.12/lib/python3.12/site-packages/django_q/conf.py:8: UserWarning: pkg_resources is deprecated as an API. See https://setuptools.pypa.io/en/latest/pkg_resources.html. The pkg_resources package is slated for removal as early as 2025-11-30. Refrain from using this package or pin to Setuptools<81.
  import pkg_resources
/home2/techprog/virtualenv/therapypoint/3.12/lib/python3.12/site-packages/django_q/conf.py:8: UserWarning: pkg_resources is deprecated as an API. See https://setuptools.pypa.io/en/latest/pkg_resources.html. The pkg_resources package is slated for removal as early as 2025-11-30. Refrain from using this package or pin to Setuptools<81.
  import pkg_resources
/home2/techprog/virtualenv/therapypoint/3.12/lib/python3.12/site-packages/django_q/conf.py:8: UserWarning: pkg_resources is deprecated as an API. See https://setuptools.pypa.io/en/latest/pkg_resources.html. The pkg_resources package is slated for removal as early as 2025-11-30. Refrain from using this package or pin to Setuptools<81.
  import pkg_resources
/home2/techprog/virtualenv/therapypoint/3.12/lib/python3.12/site-packages/django_q/conf.py:8: UserWarning: pkg_resources is deprecated as an API. See https://setuptools.pypa.io/en/latest/pkg_resources.html. The pkg_resources package is slated for removal as early as 2025-11-30. Refrain from using this package or pin to Setuptools<81.
  import pkg_resources
/home2/techprog/virtualenv/therapypoint/3.12/lib/python3.12/site-packages/django_q/conf.py:8: UserWarning: pkg_resources is deprecated as an API. See https://setuptools.pypa.io/en/latest/pkg_resources.html. The pkg_resources package is slated for removal as early as 2025-11-30. Refrain from using this package or pin to Setuptools<81.
  import pkg_resources
/home2/techprog/virtualenv/therapypoint/3.12/lib/python3.12/site-packages/django_q/conf.py:8: UserWarning: pkg_resources is deprecated as an API. See https://setuptools.pypa.io/en/latest/pkg_resources.html. The pkg_resources package is slated for removal as early as 2025-11-30. Refrain from using this package or pin to Setuptools<81.
  import pkg_resources
